age,gender,height,weight,bmi,calories_intake,exercise_type,intensity_level,duration_minutes,frequency_per_week,estimated_calorie_burn
55,male,1.46,75,35.2,2503,yoga,low,23,2,123
62,male,1.79,109,34.0,1856,yoga,low,29,3,225
17,male,1.5,69,30.7,3569,bodyweight,low,29,3,142
16,male,1.81,109,33.3,3218,bodyweight,low,23,3,179
43,female,1.85,40,11.7,2153,strength,low,20,4,57
36,female,1.53,83,35.5,1918,cardio,high,21,6,298
21,female,1.87,117,33.5,2583,cardio,high,20,6,401
49,male,1.94,88,23.4,1822,cardio+strength,medium,34,4,341
51,male,1.8,45,13.9,2433,yoga,low,20,3,64
20,male,1.88,88,24.9,2638,cardio+strength,medium,44,5,442
38,male,1.64,66,24.5,2593,cardio+strength,medium,27,3,203
49,male,1.53,88,37.6,2605,cardio,high,30,5,452
58,female,1.87,47,13.4,2438,yoga,low,20,2,67
35,female,1.58,67,26.8,3823,cardio+strength,high,50,4,574
56,female,1.65,98,36.0,2085,yoga,low,24,2,168
30,female,1.82,94,28.4,3890,cardio+strength,high,52,5,837
29,male,1.7,51,17.6,1692,strength,low,20,3,72
24,male,1.85,94,27.5,3942,cardio+strength,high,42,5,676
39,female,1.71,110,37.6,1547,cardio,high,30,5,565
58,female,1.83,83,24.8,1956,yoga,low,24,3,142
25,female,1.45,73,34.7,3550,cardio,high,22,5,275
55,female,1.87,104,29.7,3994,yoga,low,23,2,170
38,male,1.72,107,36.2,1502,cardio,high,29,6,531
46,male,1.51,86,37.7,2759,cardio,high,23,5,339
30,male,1.49,102,45.9,1783,cardio,high,28,5,489
23,female,1.92,61,16.5,2585,strength,low,20,5,87
53,female,1.93,109,29.3,2323,yoga,low,24,3,186
57,female,1.67,106,38.0,3349,yoga,low,21,2,159
29,male,1.62,115,43.8,3768,cardio,high,23,5,453
15,male,1.8,47,14.5,2437,bodyweight,low,20,3,67
19,male,1.88,49,13.9,3605,strength,low,20,4,70
32,female,1.56,56,23.0,3838,cardio+strength,medium,58,5,371
30,female,1.85,64,18.7,1886,cardio+strength,medium,33,5,241
42,female,1.66,99,35.9,1721,cardio,high,30,5,509
18,female,1.81,53,16.2,2518,strength,low,20,3,75
27,female,1.52,63,27.3,2640,cardio+strength,medium,44,3,316
19,female,1.85,110,32.1,1901,cardio,high,20,5,377
20,male,1.53,102,43.6,3471,cardio,high,23,6,402
18,male,1.64,89,33.1,2586,cardio,high,27,6,411
42,female,1.53,77,32.9,2391,cardio,high,20,5,264
62,female,1.48,114,52.0,3452,yoga,low,28,4,228
25,male,1.93,50,13.4,2261,strength,low,20,3,71
53,male,1.79,70,21.8,3153,yoga,low,21,4,105
30,male,1.76,93,30.0,3890,cardio+strength,high,58,6,924
35,female,1.55,80,33.3,2477,cardio,high,24,6,329
23,female,1.68,49,17.4,1538,strength,low,20,4,70
54,male,1.49,67,30.2,3572,yoga,low,24,2,114
37,male,1.89,87,24.4,2667,cardio+strength,medium,30,4,298
49,female,1.76,107,34.5,1532,cardio,high,30,6,550
57,male,1.92,57,15.5,2583,yoga,low,20,2,81
21,male,1.59,117,46.3,2362,cardio,high,25,5,501
58,female,1.7,72,24.9,1708,yoga,low,21,4,107
42,female,1.47,82,37.9,2035,cardio,high,30,6,421
25,female,1.73,94,31.4,3797,cardio,high,20,5,322
19,male,1.72,87,29.4,3885,cardio+strength,high,57,4,850
42,male,1.47,86,39.8,1663,cardio,high,25,5,368
58,male,1.78,85,26.8,3793,yoga,low,26,4,157
62,male,1.91,70,19.2,2165,yoga,low,22,3,110
16,male,1.82,82,24.8,3186,bodyweight,low,47,3,275
32,male,1.84,53,15.7,3066,strength,low,20,4,75
45,male,1.55,98,40.8,2932,cardio,high,24,5,403
29,male,1.78,91,28.7,2844,cardio+strength,medium,38,3,395
64,female,1.63,105,39.5,3137,yoga,low,30,4,225
36,male,1.51,73,32.0,2231,cardio,high,29,6,362
17,male,1.75,84,27.4,2784,bodyweight,low,38,3,228
53,male,1.64,113,42.0,2278,yoga,low,24,2,193
60,female,1.45,108,51.4,2307,yoga,low,25,3,192
19,female,1.76,55,17.8,2730,strength,low,20,5,78
34,female,1.61,77,29.7,3770,cardio+strength,high,44,4,580
41,female,1.79,62,19.4,3831,cardio+strength,medium,49,5,347
50,male,1.6,66,25.8,3260,yoga,high,58,4,656
56,female,1.68,96,34.0,2375,yoga,low,28,3,192
65,male,1.78,76,24.0,3611,yoga,low,30,4,162
54,female,1.5,70,31.1,2771,yoga,low,23,2,115
24,male,1.47,100,46.3,1798,cardio,high,27,6,462
55,male,1.81,89,27.2,3524,yoga,low,26,2,165
24,male,1.9,53,14.7,3241,strength,low,20,4,75
26,female,1.48,71,32.4,1997,cardio,high,27,5,328
44,female,1.93,96,25.8,3567,cardio+strength,high,53,6,872
43,male,1.82,100,30.2,3343,cardio,high,24,5,411
55,female,1.83,106,31.7,3484,yoga,low,30,2,227
32,female,1.49,76,34.2,2460,cardio,high,24,6,312
35,male,1.52,69,29.9,3068,cardio+strength,high,44,6,520
28,male,1.66,82,29.8,3722,cardio+strength,high,54,5,759
18,male,1.87,89,25.5,3892,cardio+strength,high,40,6,610
39,female,1.45,85,40.4,2723,cardio,high,26,6,378
49,male,1.69,74,25.9,3285,cardio+strength,high,55,4,697
39,female,1.78,91,28.7,2176,cardio+strength,medium,39,3,405
54,male,1.9,115,31.9,3811,yoga,low,30,2,246
20,female,1.52,99,42.8,2244,cardio,high,20,6,339
39,female,1.56,81,33.3,2882,cardio,high,26,6,361
63,female,1.58,50,20.0,3426,yoga,low,20,4,71
49,male,1.95,84,22.1,2418,cardio+strength,medium,27,3,259
63,male,1.92,65,17.6,1583,yoga,low,20,4,92
24,male,1.51,54,23.7,3810,cardio+strength,high,46,5,425
59,female,1.83,61,18.2,3981,yoga,low,20,4,87
62,male,1.84,60,17.7,2774,yoga,low,20,2,85
52,male,1.91,113,31.0,3037,yoga,low,26,4,209
27,male,1.75,120,39.2,2494,cardio,high,21,6,432
58,male,1.85,112,32.7,1668,yoga,low,25,4,200
42,female,1.48,83,37.9,1551,cardio,high,26,6,369
21,female,1.93,98,26.3,2126,cardio+strength,medium,43,3,481
61,female,1.76,108,34.9,3480,yoga,low,27,3,208
61,female,1.61,71,27.4,1854,yoga,low,24,3,121
30,female,1.73,88,29.4,2877,cardio+strength,medium,30,4,301
35,male,1.69,85,29.8,2558,cardio+strength,medium,40,4,388
53,female,1.73,106,35.4,2282,yoga,low,21,2,159
61,female,1.69,70,24.5,3450,yoga,low,30,4,150
46,female,1.85,51,14.9,2705,strength,low,20,3,72
40,male,1.6,114,44.5,3011,cardio,high,27,6,527
42,female,1.63,98,36.9,2609,cardio,high,24,6,403
29,male,1.81,80,24.4,1989,cardio+strength,medium,35,3,320
28,female,1.59,115,45.5,3648,cardio,high,29,6,571
21,male,1.6,86,33.6,2234,cardio,high,24,5,353
60,male,1.59,46,18.2,3766,yoga,low,20,3,65
59,male,1.77,102,32.6,1920,yoga,low,20,4,145
33,female,1.69,83,29.1,2255,cardio+strength,medium,31,4,294
45,male,1.86,91,26.3,3514,cardio+strength,high,42,6,655
55,male,1.53,112,47.8,2744,yoga,low,21,2,168
22,female,1.75,119,38.9,2424,cardio,high,28,6,571
43,female,1.6,115,44.9,3256,cardio,high,24,5,473
54,male,1.92,66,17.9,2364,yoga,low,20,3,94
57,male,1.53,62,26.5,3760,yoga,low,21,2,93
15,female,1.68,116,41.1,3424,bodyweight,low,24,3,198
17,male,1.59,76,30.1,3359,bodyweight,low,21,3,113
58,male,1.91,120,32.9,3915,yoga,low,30,2,257
42,male,1.72,59,19.9,2588,cardio+strength,medium,29,3,195
18,male,1.85,116,33.9,3831,cardio,high,24,6,477
22,female,1.79,91,28.4,2615,cardio+strength,medium,45,4,468
20,male,1.89,81,22.7,3972,cardio+strength,high,48,4,666
20,male,1.93,113,30.3,3904,cardio,high,20,6,387
51,male,1.83,62,18.5,3427,yoga,low,28,4,124
43,female,1.54,114,48.1,3285,cardio,high,30,6,586
20,female,1.62,82,31.2,2815,cardio,high,30,5,421
25,female,1.66,103,37.4,2680,cardio,high,30,6,529
63,male,1.68,80,28.3,2533,yoga,low,25,2,142
64,female,1.88,40,11.3,3722,yoga,low,20,3,57
41,male,1.54,86,36.3,3541,cardio,high,30,6,442
63,male,1.55,110,45.8,2036,yoga,low,24,3,188
59,female,1.51,120,52.6,3993,yoga,low,23,4,197
25,female,1.73,110,36.8,3171,cardio,high,21,5,396
22,female,1.92,59,16.0,3541,strength,low,20,6,84
33,female,1.66,101,36.7,3434,cardio,high,23,6,398
50,male,1.64,116,43.1,3581,yoga,high,22,2,437
32,female,1.62,104,39.6,2594,cardio,high,20,6,356
61,female,1.87,114,32.6,3505,yoga,low,22,3,179
49,female,1.62,110,41.9,3725,cardio,high,26,6,490
35,male,1.94,70,18.6,3842,cardio+strength,high,52,4,624
64,female,1.47,100,46.3,3061,yoga,low,26,4,185
65,male,1.7,44,15.2,2017,yoga,low,20,4,62
52,female,1.88,96,27.2,1908,yoga,low,28,3,192
15,male,1.65,59,21.7,1806,bodyweight,low,40,3,168
65,female,1.62,90,34.3,1828,yoga,low,25,4,160
49,female,1.93,120,32.2,3498,cardio,high,28,5,576
54,male,1.57,76,30.8,2431,yoga,low,21,3,113
21,male,1.67,78,28.0,1618,cardio+strength,medium,31,4,276
65,male,1.6,87,34.0,3264,yoga,low,22,2,136
48,female,1.73,63,21.0,2196,cardio+strength,medium,30,3,216
54,female,1.76,70,22.6,3538,yoga,low,29,2,145
29,female,1.77,98,31.3,2545,cardio,high,30,5,503
44,female,1.79,60,18.7,1802,cardio+strength,medium,39,4,267
52,female,1.77,94,30.0,2524,yoga,low,27,3,181
27,female,1.88,53,15.0,2471,strength,low,20,4,75
51,female,1.74,77,25.4,1589,yoga,low,30,3,165
32,male,1.73,46,15.4,3983,strength,low,20,6,65
46,female,1.84,69,20.4,3986,cardio+strength,medium,51,4,402
55,male,1.76,57,18.4,1897,yoga,low,20,4,81
56,male,1.6,96,37.5,1636,yoga,low,29,3,198
61,male,1.5,77,34.2,2838,yoga,low,26,2,143
27,male,1.84,86,25.4,3674,cardio+strength,high,56,5,825
25,female,1.91,101,27.7,2708,cardio+strength,medium,40,3,461
44,male,1.52,68,29.4,3127,cardio+strength,high,57,5,664
20,female,1.46,108,50.7,2006,cardio,high,27,6,499
58,female,1.74,87,28.7,1943,yoga,low,30,2,186
45,male,1.76,111,35.8,2843,cardio,high,29,5,551
56,male,1.77,99,31.6,2737,yoga,low,30,3,212
22,male,1.47,44,20.4,2746,cardio+strength,medium,45,3,226
21,male,1.89,57,16.0,3091,strength,low,20,5,81
38,female,1.74,59,19.5,3199,cardio+strength,medium,60,4,404
46,female,1.92,75,20.3,1634,cardio+strength,medium,36,3,308
43,female,1.93,86,23.1,1906,cardio+strength,medium,36,4,353
18,female,1.59,55,21.8,3362,cardio+strength,medium,42,6,264
28,male,1.48,82,37.4,2497,cardio,high,22,5,309
19,male,1.74,69,22.8,2845,cardio+strength,medium,34,5,268
15,female,1.88,58,16.4,2032,bodyweight,low,20,3,82
49,female,1.85,54,15.8,1605,strength,low,20,3,77
15,female,1.84,70,20.7,3911,bodyweight,low,50,3,250
16,male,1.58,56,22.4,3224,bodyweight,low,56,3,224
22,male,1.69,86,30.1,3602,cardio,high,29,5,427
43,male,1.92,45,12.2,3635,strength,low,20,5,64
44,male,1.48,101,46.1,3145,cardio,high,26,5,450
46,female,1.49,50,22.5,2819,cardio+strength,medium,29,3,165
23,female,1.76,114,36.8,3746,cardio,high,25,6,488
53,female,1.68,117,41.5,3262,yoga,low,21,4,175
22,male,1.67,69,24.7,3194,cardio+strength,high,50,5,591
40,female,1.81,80,24.4,3248,cardio+strength,medium,50,6,457
31,female,1.93,100,26.8,1774,cardio+strength,medium,32,3,365
20,female,1.5,87,38.7,2032,cardio,high,28,5,417
52,female,1.79,92,28.7,2948,yoga,low,30,3,197
61,male,1.93,116,31.1,2779,yoga,low,25,2,207
51,male,1.53,101,43.1,2418,yoga,low,21,3,151
50,female,1.51,75,32.9,3851,yoga,high,23,3,295
50,male,1.75,74,24.2,1618,yoga,medium,30,3,253
59,female,1.91,84,23.0,1525,yoga,low,22,2,132
51,female,1.48,43,19.6,1875,yoga,low,28,2,86
39,female,1.68,60,21.3,3015,cardio+strength,medium,49,6,336
35,male,1.89,59,16.5,2144,strength,low,20,5,84
18,male,1.59,94,37.2,3489,cardio,high,29,6,467
41,female,1.56,105,43.1,1966,cardio,high,25,6,450
22,female,1.79,115,35.9,3493,cardio,high,28,6,552
17,male,1.65,116,42.6,1724,bodyweight,low,20,3,165
28,female,1.92,57,15.5,2546,strength,low,20,4,81
35,male,1.45,95,45.2,2219,cardio,high,22,6,358
49,male,1.7,85,29.4,1795,cardio+strength,medium,37,3,359
42,male,1.68,49,17.4,2782,strength,low,20,4,70
51,female,1.8,93,28.7,2685,yoga,low,21,3,139
16,female,1.54,119,50.2,3384,bodyweight,low,25,3,212
20,female,1.87,71,20.3,3284,cardio+strength,medium,58,5,470
48,male,1.65,79,29.0,2890,cardio+strength,medium,32,4,288
64,male,1.49,54,24.3,3673,yoga,low,28,2,108
64,female,1.63,58,21.8,2467,yoga,low,21,2,87
31,male,1.54,59,24.9,1808,cardio+strength,medium,35,5,236
46,female,1.83,114,34.0,3338,cardio,high,30,6,586
55,female,1.53,48,20.5,3420,yoga,low,27,4,92
34,female,1.75,85,27.8,3578,cardio+strength,high,42,5,612
44,female,1.47,87,40.3,2675,cardio,high,21,5,313
54,female,1.68,110,39.0,1668,yoga,low,27,4,212
56,male,1.61,100,38.6,3553,yoga,low,22,2,157
43,male,1.86,83,24.0,1845,cardio+strength,medium,30,3,284
30,female,1.95,107,28.1,3641,cardio+strength,high,59,4,1082
38,female,1.91,89,24.4,3174,cardio+strength,medium,50,6,508
53,male,1.84,82,24.2,1769,yoga,low,25,2,146
50,female,1.59,117,46.3,2115,yoga,high,25,2,501
52,male,1.91,79,21.7,3105,yoga,low,22,4,124
60,male,1.6,88,34.4,2845,yoga,low,22,4,138
59,male,1.77,94,30.0,3582,yoga,low,25,2,167
38,female,1.54,67,28.3,2899,cardio+strength,medium,40,3,306
29,male,1.53,77,32.9,1914,cardio,high,28,5,369
57,female,1.89,119,33.3,2036,yoga,low,29,3,246
24,male,1.54,119,50.2,2178,cardio,high,27,5,550
41,female,1.79,70,21.8,3319,cardio+strength,medium,59,5,472
63,female,1.57,70,28.4,2767,yoga,low,27,2,135
38,female,1.68,76,26.9,3064,cardio+strength,high,56,6,729
41,male,1.86,117,33.8,2066,cardio,high,24,5,481
56,female,1.89,110,30.8,1920,yoga,low,28,2,220
33,male,1.83,74,22.1,3340,cardio+strength,high,56,4,710
42,male,1.92,68,18.4,3347,strength,low,20,5,97
16,female,1.48,104,47.5,3031,bodyweight,low,23,3,170
39,male,1.64,43,16.0,2805,strength,low,20,3,61
60,female,1.85,57,16.7,1656,yoga,low,20,3,81
45,male,1.83,100,29.9,3337,cardio+strength,high,59,4,1011
20,male,1.58,59,23.6,3747,cardio+strength,high,59,6,596
42,male,1.84,70,20.7,2733,cardio+strength,medium,28,3,224
30,female,1.77,119,38.0,3372,cardio,high,21,5,428
46,male,1.77,113,36.1,2490,cardio,high,22,6,426
42,male,1.76,70,22.6,3837,cardio+strength,high,53,4,636
57,male,1.71,86,29.4,1777,yoga,low,28,4,172
47,male,1.65,100,36.7,1678,cardio,high,30,6,514
38,female,1.82,85,25.7,1776,cardio+strength,medium,36,3,349
61,male,1.84,82,24.2,2046,yoga,low,20,3,117
49,female,1.86,62,17.9,3403,strength,low,20,6,88
45,male,1.86,48,13.9,3374,strength,low,20,4,68
33,male,1.47,65,30.1,1671,cardio,high,25,6,278
47,female,1.94,109,29.0,3439,cardio+strength,high,48,4,896
63,male,1.59,46,18.2,2859,yoga,low,20,3,65
22,female,1.67,91,32.6,3301,cardio,high,26,6,405
26,female,1.8,87,26.9,3626,cardio+strength,high,48,4,715
61,female,1.49,117,52.7,2239,yoga,low,28,3,234
35,male,1.49,77,34.7,2755,cardio,high,27,6,356
25,female,1.63,45,16.9,2944,strength,low,20,5,64
42,female,1.77,47,15.0,1807,strength,low,20,4,67
38,male,1.93,58,15.6,3988,strength,low,20,6,82
65,female,1.47,48,22.2,2466,yoga,low,30,3,102
38,female,1.92,44,11.9,3978,strength,low,20,4,62
58,female,1.92,87,23.6,3318,yoga,low,21,4,130
23,female,1.65,75,27.5,2522,cardio+strength,medium,33,3,282
62,male,1.7,89,30.8,3800,yoga,low,21,3,133
64,female,1.8,67,20.7,2669,yoga,low,27,2,129
22,male,1.88,97,27.4,2207,cardio+strength,medium,44,3,487
58,female,1.78,48,15.1,3752,yoga,low,20,4,68
33,female,1.88,62,17.5,2980,strength,low,20,5,88
29,male,1.94,57,15.1,2469,strength,low,20,4,81
16,female,1.73,87,29.1,3414,bodyweight,low,57,3,354
23,male,1.48,90,41.1,3460,cardio,high,28,6,432
64,female,1.86,49,14.2,2013,yoga,low,20,3,70
56,male,1.67,106,38.0,2911,yoga,low,22,4,166
55,male,1.83,56,16.7,3272,yoga,low,20,4,80
18,male,1.71,78,26.7,2174,cardio+strength,medium,35,4,312
60,male,1.62,106,40.4,2663,yoga,low,21,3,159
27,female,1.51,78,34.2,3685,cardio,high,21,5,280
52,male,1.54,119,50.2,3978,yoga,low,25,4,212
17,male,1.49,113,50.9,2584,bodyweight,low,30,3,242
28,female,1.76,43,13.9,3539,strength,low,20,6,61
49,female,1.77,78,24.9,3478,cardio+strength,medium,47,6,418
40,female,1.68,47,16.7,2147,strength,low,20,4,67
41,female,1.68,83,29.4,3984,cardio+strength,high,44,5,626
60,female,1.82,84,25.4,3133,yoga,low,22,3,132
47,male,1.61,99,38.2,2001,cardio,high,24,6,407
30,male,1.5,77,34.2,3073,cardio,high,29,6,382
30,male,1.86,113,32.7,2780,cardio,high,23,5,445
46,female,1.7,79,27.3,3537,cardio+strength,high,40,4,541
40,female,1.93,67,18.0,3889,strength,low,20,5,95
18,male,1.59,116,45.9,3427,cardio,high,24,5,477
21,female,1.52,73,31.6,2998,cardio,high,26,6,325
17,female,1.48,111,50.7,2297,bodyweight,low,25,3,198
50,female,1.49,104,46.8,3344,yoga,high,28,3,499
54,male,1.51,52,22.8,3113,yoga,low,25,3,92
50,female,1.83,65,19.4,3967,yoga,medium,56,3,416
47,male,1.47,57,26.4,2864,cardio+strength,medium,40,4,260
24,male,1.61,118,45.5,2804,cardio,high,22,6,445
54,female,1.75,104,34.0,3587,yoga,low,28,3,208
60,female,1.69,42,14.7,3008,yoga,low,20,3,60
58,male,1.94,114,30.3,2760,yoga,low,30,2,244
53,female,1.58,114,45.7,3865,yoga,low,23,4,187
18,female,1.54,120,50.6,3057,cardio,high,22,5,452
17,male,1.55,96,40.0,2784,bodyweight,low,26,3,178
24,female,1.8,92,28.4,3555,cardio+strength,high,59,5,930
62,male,1.8,106,32.7,2349,yoga,low,28,3,212
57,female,1.71,80,27.4,2209,yoga,low,27,4,154
36,female,1.79,73,22.8,3998,cardio+strength,medium,55,4,458
30,female,1.73,68,22.7,2719,cardio+strength,medium,39,5,303
28,female,1.61,84,32.4,3795,cardio,high,24,6,345
22,female,1.9,90,24.9,2913,cardio+strength,medium,34,4,349
17,female,1.93,50,13.4,2918,bodyweight,low,20,3,71
43,female,1.82,67,20.2,2327,cardio+strength,medium,33,4,252
23,male,1.76,115,37.1,2480,cardio,high,23,5,453
57,male,1.77,46,14.7,1910,yoga,low,20,3,65
36,female,1.5,57,25.3,1521,cardio+strength,medium,30,4,195
56,female,1.69,65,22.8,2676,yoga,low,25,3,116
56,male,1.9,51,14.1,3851,yoga,low,20,2,72
49,male,1.91,62,17.0,3211,strength,low,20,4,88
17,female,1.84,63,18.6,2685,bodyweight,low,26,3,117
15,female,1.73,53,17.7,2872,bodyweight,low,20,3,75
33,female,1.94,109,29.0,3647,cardio+strength,high,55,4,1027
47,female,1.59,54,21.4,2854,cardio+strength,medium,30,4,185
56,female,1.81,41,12.5,2880,yoga,low,20,3,58
51,male,1.54,91,38.4,3251,yoga,low,28,3,182
20,female,1.78,63,19.9,2075,cardio+strength,medium,45,4,324
30,male,1.58,70,28.0,3329,cardio+strength,high,48,5,576
34,male,1.58,86,34.4,2467,cardio,high,20,5,294
44,female,1.53,104,44.4,2773,cardio,high,21,6,374
38,male,1.56,57,23.4,3458,cardio+strength,high,44,5,429
62,female,1.66,110,39.9,3428,yoga,low,28,4,220
28,male,1.79,116,36.2,1835,cardio,high,28,6,556
48,female,1.49,112,50.4,1959,cardio,high,20,5,384
51,male,1.53,106,45.3,3309,yoga,low,21,4,159
28,female,1.5,105,46.7,3324,cardio,high,20,6,360
23,female,1.68,47,16.7,3788,strength,low,20,5,67
58,female,1.81,90,27.5,2542,yoga,low,20,4,128
28,male,1.47,84,38.9,1761,cardio,high,28,5,403
19,female,1.47,92,42.6,2237,cardio,high,22,6,346
38,female,1.67,88,31.6,3038,cardio,high,21,5,316
56,female,1.51,108,47.4,3109,yoga,low,28,2,216
61,male,1.87,42,12.0,2722,yoga,low,20,3,60
58,female,1.72,69,23.3,2513,yoga,low,27,3,133
24,female,1.54,54,22.8,1631,cardio+strength,medium,43,5,265
64,male,1.57,48,19.5,1913,yoga,low,29,2,99
43,male,1.57,45,18.3,3147,strength,low,20,5,64
29,male,1.83,47,14.0,2073,strength,low,20,5,67
33,male,1.86,113,32.7,2806,cardio,high,29,6,561
30,female,1.89,106,29.7,2405,cardio+strength,medium,43,4,520
32,male,1.73,115,38.4,2217,cardio,high,30,6,591
50,female,1.47,84,38.9,3061,yoga,high,28,3,403
59,female,1.65,78,28.7,3041,yoga,low,22,4,122
45,male,1.87,78,22.3,2091,cardio+strength,medium,39,3,347
50,female,1.93,111,29.8,3670,yoga,high,44,3,837
30,female,1.55,50,20.8,3342,cardio+strength,medium,51,4,291
49,male,1.48,88,40.2,3977,cardio,high,29,5,437
19,male,1.85,115,33.6,3789,cardio,high,23,6,453
28,female,1.6,41,16.0,2367,strength,low,20,3,58
62,male,1.82,101,30.5,2493,yoga,low,29,4,209
28,female,1.91,110,30.2,2817,cardio,high,24,6,452
44,female,1.6,86,33.6,3600,cardio,high,27,6,398
21,female,1.83,80,23.9,2332,cardio+strength,medium,41,4,374
41,male,1.73,68,22.7,2097,cardio+strength,medium,25,4,194
50,female,1.6,65,25.4,2851,yoga,medium,32,3,237
51,male,1.7,83,28.7,2554,yoga,low,27,4,160
56,female,1.68,85,30.1,2193,yoga,low,22,4,133
49,female,1.54,109,46.0,1740,cardio,high,28,5,523
19,male,1.83,92,27.5,2063,cardio+strength,medium,37,3,389
60,male,1.45,104,49.5,3367,yoga,low,25,2,185
54,female,1.78,42,13.3,1527,yoga,low,20,4,60
50,female,1.46,107,50.2,2625,yoga,high,28,3,513
16,female,1.85,62,18.1,1938,bodyweight,low,20,3,88
21,male,1.57,119,48.3,3656,cardio,high,24,6,489
32,female,1.49,91,41.0,3380,cardio,high,29,5,452
59,male,1.6,50,19.5,1629,yoga,low,21,3,75
39,female,1.73,47,15.7,1538,strength,low,20,3,67
20,female,1.87,82,23.4,3817,cardio+strength,medium,43,6,402
17,male,1.56,112,46.0,3447,bodyweight,low,24,3,192
17,male,1.79,75,23.4,3724,bodyweight,low,58,3,310
57,male,1.54,80,33.7,1564,yoga,low,23,4,131
24,female,1.91,78,21.4,2165,cardio+strength,medium,37,5,329
39,female,1.64,57,21.2,1821,cardio+strength,medium,36,3,234
21,female,1.57,49,19.9,2895,cardio+strength,medium,42,4,235
16,female,1.84,97,28.7,3509,bodyweight,low,47,3,325
37,female,1.67,114,40.9,3056,cardio,high,21,6,410
30,male,1.49,59,26.6,3056,cardio+strength,high,60,4,606
62,female,1.61,53,20.4,1874,yoga,low,20,3,75
43,female,1.83,53,15.8,2042,strength,low,20,3,75
26,female,1.67,111,39.8,3598,cardio,high,26,5,494
16,male,1.63,51,19.2,3945,bodyweight,low,59,3,214
65,female,1.88,41,11.6,2695,yoga,low,20,3,58
39,male,1.81,111,33.9,2494,cardio,high,29,5,551
58,female,1.53,74,31.6,2733,yoga,low,24,3,126
24,male,1.53,75,32.0,3224,cardio,high,24,6,308
65,male,1.63,71,26.7,3530,yoga,low,29,4,147
27,female,1.5,78,34.7,1527,cardio,high,26,6,347
54,female,1.85,82,24.0,3303,yoga,low,25,3,146
56,male,1.6,117,45.7,2322,yoga,low,27,3,225
26,female,1.93,77,20.7,3511,cardio+strength,medium,58,4,510
35,female,1.59,90,35.6,2995,cardio,high,21,5,324
52,male,1.79,110,34.3,1610,yoga,low,27,4,212
28,female,1.85,48,14.0,3175,strength,low,20,6,68
46,male,1.77,70,22.3,2534,cardio+strength,medium,29,4,232
65,female,1.49,116,52.2,3462,yoga,low,29,3,240
49,female,1.72,86,29.1,3699,cardio+strength,high,59,6,869
20,male,1.83,85,25.4,2181,cardio+strength,medium,31,5,301
56,female,1.93,82,22.0,3263,yoga,low,21,2,123
21,female,1.56,106,43.6,3785,cardio,high,29,5,526
43,female,1.65,115,42.2,3549,cardio,high,22,6,433
16,female,1.5,93,41.3,1851,bodyweight,low,21,3,139
61,male,1.62,83,31.6,3365,yoga,low,23,4,136
45,female,1.69,96,33.6,3353,cardio,high,25,5,411
34,male,1.86,54,15.6,1592,strength,low,20,4,77
56,male,1.79,61,19.0,2499,yoga,low,28,2,122
50,male,1.62,94,35.8,3392,yoga,high,23,3,370
55,male,1.54,95,40.1,3120,yoga,low,20,4,135
54,male,1.67,94,33.7,3092,yoga,low,20,4,134
28,male,1.59,48,19.0,3864,cardio+strength,high,43,6,353
26,female,1.61,98,37.8,1966,cardio,high,24,6,403
48,female,1.75,118,38.5,3107,cardio,high,29,5,586
37,female,1.87,119,34.0,2206,cardio,high,30,6,612
54,male,1.79,80,25.0,1982,yoga,low,23,3,131
22,male,1.64,58,21.6,3592,cardio+strength,high,52,5,517
53,male,1.74,94,31.0,2260,yoga,low,27,4,181
49,male,1.73,102,34.1,2683,cardio,high,22,5,384
35,female,1.76,85,27.4,1539,cardio+strength,medium,45,3,437
27,female,1.93,104,27.9,3527,cardio+strength,high,53,6,944
46,female,1.81,96,29.3,3501,cardio+strength,high,45,4,740
51,male,1.85,68,19.9,2696,yoga,low,20,3,97
29,female,1.53,98,41.9,3816,cardio,high,27,5,453
51,male,1.58,109,43.7,3002,yoga,low,28,2,218
63,female,1.72,94,31.8,1919,yoga,low,30,2,201
34,male,1.67,84,30.1,1856,cardio,high,27,5,388
64,male,1.55,115,47.9,2936,yoga,low,29,4,238
42,male,1.76,66,21.3,2347,cardio+strength,medium,26,4,196
49,female,1.75,61,19.9,2825,cardio+strength,medium,34,4,237
51,female,1.93,105,28.2,1890,yoga,low,22,3,165
18,female,1.88,56,15.8,2043,strength,low,20,3,80
24,female,1.86,90,26.0,3504,cardio+strength,high,44,6,678
55,female,1.76,88,28.4,3351,yoga,low,21,4,132
65,male,1.65,75,27.5,3011,yoga,low,27,3,144
35,male,1.88,51,14.4,3377,strength,low,20,6,72
57,female,1.88,108,30.6,3129,yoga,low,23,3,177
28,female,1.58,76,30.4,2883,cardio,high,28,5,364
51,female,1.84,46,13.6,1688,yoga,low,20,2,65
55,female,1.46,60,28.1,3307,yoga,low,27,2,115
42,male,1.95,56,14.7,2736,strength,low,20,3,80
32,male,1.78,72,22.7,1837,cardio+strength,medium,41,5,337
56,male,1.48,120,54.8,2751,yoga,low,23,3,197
56,male,1.8,40,12.3,2374,yoga,low,20,3,57
19,male,1.75,106,34.6,3322,cardio,high,20,5,363
59,female,1.86,94,27.2,2041,yoga,low,27,2,181
29,female,1.49,53,23.9,1922,cardio+strength,medium,40,4,242
34,male,1.64,57,21.2,2085,cardio+strength,medium,32,5,208
51,male,1.76,61,19.7,3302,yoga,low,25,4,108
28,male,1.91,118,32.3,3312,cardio,high,23,5,465
21,male,1.83,115,34.3,3072,cardio,high,25,6,492
35,male,1.57,50,20.3,2516,cardio+strength,medium,39,5,222
16,female,1.55,117,48.7,3587,bodyweight,low,23,3,192
62,female,1.6,46,18.0,2480,yoga,low,20,3,65
39,male,1.57,116,47.1,1790,cardio,high,28,5,556
38,female,1.52,112,48.5,3223,cardio,high,25,5,480
63,female,1.93,49,13.2,1568,yoga,low,20,4,70
19,male,1.58,45,18.0,1747,strength,low,20,4,64
47,female,1.76,104,33.6,3201,cardio,high,26,6,463
20,male,1.59,79,31.2,1823,cardio,high,28,5,379
24,female,1.65,48,17.6,2770,strength,low,20,5,68
42,male,1.48,51,23.3,3279,cardio+strength,high,43,5,375
54,male,1.6,62,24.2,1989,yoga,low,20,4,88
23,male,1.53,84,35.9,3642,cardio,high,28,6,403
25,female,1.51,74,32.5,1983,cardio,high,20,6,253
42,female,1.71,73,25.0,3861,cardio+strength,high,60,4,750
46,female,1.71,47,16.1,3546,strength,low,20,6,67
25,female,1.53,53,22.6,3850,cardio+strength,medium,43,4,260
62,male,1.47,41,19.0,2501,yoga,low,20,3,58
38,female,1.91,62,17.0,1644,strength,low,20,4,88
29,female,1.57,80,32.5,2611,cardio,high,21,6,288
22,male,1.54,106,44.7,1688,cardio,high,26,5,472
44,female,1.84,79,23.3,2840,cardio+strength,medium,27,4,243
15,female,1.55,112,46.6,2744,bodyweight,low,29,3,232
30,female,1.63,103,38.8,2300,cardio,high,28,5,494
24,male,1.92,43,11.7,2454,strength,low,20,5,61
37,male,1.93,40,10.7,3041,strength,low,20,6,57
61,female,1.5,107,47.6,2475,yoga,low,26,3,198
18,male,1.81,51,15.6,1679,strength,low,20,3,72
48,female,1.8,87,26.9,3377,cardio+strength,high,42,6,626
21,male,1.77,90,28.7,1806,cardio+strength,medium,31,4,318
57,male,1.57,73,29.6,2790,yoga,low,26,4,135
62,female,1.61,74,28.5,2456,yoga,low,21,2,111
23,male,1.53,61,26.1,3341,cardio+strength,high,54,5,564
41,male,1.72,66,22.3,3351,cardio+strength,high,49,5,554
31,male,1.5,78,34.7,3971,cardio,high,20,5,267
35,male,1.5,71,31.6,2957,cardio,high,26,5,316
58,female,1.58,62,24.8,1627,yoga,low,26,3,115
50,male,1.5,53,23.6,2072,yoga,medium,28,2,169
18,male,1.52,91,39.4,3024,cardio,high,30,5,468
52,female,1.91,49,13.4,1589,yoga,low,20,2,70
27,female,1.85,51,14.9,2858,strength,low,20,3,72
17,female,1.48,113,51.6,3274,bodyweight,low,26,3,209
46,male,1.64,94,34.9,2207,cardio,high,25,5,402
26,female,1.59,59,23.3,1641,cardio+strength,medium,37,5,249
33,female,1.66,110,39.9,3462,cardio,high,20,5,377
32,female,1.52,65,28.1,3653,cardio+strength,high,47,6,523
49,male,1.94,85,22.6,3464,cardio+strength,high,57,5,830
37,female,1.64,63,23.4,1606,cardio+strength,medium,35,3,252
16,female,1.48,100,45.7,3668,bodyweight,low,25,3,178
64,male,1.94,52,13.8,2515,yoga,low,20,4,74
30,female,1.72,47,15.9,2398,strength,low,20,5,67
39,female,1.92,62,16.8,2221,strength,low,20,3,88
52,female,1.85,85,24.8,3923,yoga,low,20,4,121
59,female,1.92,112,30.4,2082,yoga,low,29,2,232
46,female,1.54,44,18.6,1869,cardio+strength,medium,26,3,130
53,male,1.46,101,47.4,1502,yoga,low,25,4,180
27,male,1.62,62,23.6,2825,cardio+strength,medium,31,3,219
24,male,1.84,107,31.6,2994,cardio,high,21,6,385
60,female,1.74,83,27.4,2736,yoga,low,25,2,148
25,female,1.85,102,29.8,2799,cardio+strength,medium,35,5,408
50,female,1.56,115,47.3,2218,yoga,high,26,3,512
61,female,1.51,40,17.5,3846,yoga,low,20,3,57
64,male,1.54,80,33.7,2404,yoga,low,30,4,171
21,female,1.52,49,21.2,2474,cardio+strength,medium,41,4,229
25,male,1.86,82,23.7,3329,cardio+strength,high,40,5,562
28,male,1.8,84,25.9,2551,cardio+strength,medium,33,5,316
15,male,1.64,93,34.6,2181,bodyweight,low,26,3,172
46,female,1.63,88,33.1,1915,cardio,high,27,5,407
25,female,1.49,44,19.8,2707,cardio+strength,medium,30,4,150
31,male,1.49,61,27.5,3037,cardio+strength,high,45,6,470
19,male,1.62,118,45.0,3477,cardio,high,20,6,404
56,male,1.75,95,31.0,2143,yoga,low,20,2,135
36,male,1.94,92,24.4,3769,cardio+strength,high,57,5,898
57,female,1.6,52,20.3,1703,yoga,low,26,4,96
50,female,1.53,86,36.7,1515,yoga,high,26,2,383
33,female,1.55,43,17.9,2347,strength,low,20,3,61
55,female,1.94,100,26.6,1973,yoga,low,24,3,171
45,female,1.9,73,20.2,1873,cardio+strength,medium,37,3,308
38,female,1.63,97,36.5,1682,cardio,high,24,6,399
44,female,1.56,74,30.4,3811,cardio,high,20,5,253
63,male,1.49,84,37.8,3717,yoga,low,26,4,156
29,male,1.87,106,30.3,3214,cardio,high,28,6,508
51,male,1.69,50,17.5,3117,yoga,low,20,4,71
17,male,1.51,97,42.5,2208,bodyweight,low,22,3,152
28,male,1.51,94,41.2,1820,cardio,high,30,6,483
27,male,1.87,73,20.9,2809,cardio+strength,medium,32,3,266
39,female,1.73,75,25.1,3628,cardio+strength,high,54,4,694
65,female,1.51,59,25.9,2107,yoga,low,29,4,122
52,male,1.91,112,30.7,1913,yoga,low,24,4,192
37,female,1.58,102,40.9,3843,cardio,high,29,6,507
17,male,1.59,58,22.9,3993,bodyweight,low,52,3,215
17,female,1.89,82,23.0,2473,bodyweight,low,26,3,152
62,female,1.91,87,23.8,1582,yoga,low,25,3,155
34,female,1.87,52,14.9,2433,strength,low,20,3,74
34,female,1.84,81,23.9,2603,cardio+strength,medium,43,5,398
56,male,1.54,67,28.3,3167,yoga,low,27,4,129
38,male,1.71,60,20.5,1768,cardio+strength,medium,34,4,233
23,male,1.54,65,27.4,1736,cardio+strength,medium,37,3,274
44,male,1.91,65,17.8,2622,strength,low,20,4,92
44,female,1.77,55,17.6,1625,strength,low,20,3,78
38,female,1.75,62,20.2,3443,cardio+strength,medium,58,6,410
37,female,1.53,73,31.2,1870,cardio,high,24,5,300
39,male,1.53,113,48.3,2377,cardio,high,23,5,445
58,male,1.58,92,36.9,3602,yoga,low,20,4,131
15,female,1.91,62,17.0,3962,bodyweight,low,20,3,88
15,male,1.58,79,31.6,2627,bodyweight,low,26,3,146
39,female,1.68,67,23.7,3411,cardio+strength,medium,49,6,375
48,female,1.74,40,13.2,3595,strength,low,20,6,57
38,female,1.6,53,20.7,3473,cardio+strength,medium,42,5,254
32,female,1.88,73,20.7,2723,cardio+strength,medium,36,3,300
48,male,1.9,116,32.1,3155,cardio,high,30,6,596
58,male,1.81,103,31.4,2710,yoga,low,24,3,176
40,female,1.82,114,34.4,3843,cardio,high,23,6,449
61,male,1.79,100,31.2,2968,yoga,low,28,3,200
25,male,1.6,100,39.1,2024,cardio,high,24,5,411
58,female,1.78,68,21.5,2955,yoga,low,23,4,111
34,female,1.84,82,24.2,3022,cardio+strength,medium,48,6,449
33,female,1.88,100,28.3,1719,cardio+strength,medium,32,4,365
27,male,1.88,88,24.9,3670,cardio+strength,high,49,5,739
18,male,1.52,65,28.1,2903,cardio+strength,medium,43,5,319
44,male,1.61,63,24.3,1831,cardio+strength,medium,40,4,288
55,male,1.61,47,18.1,1519,yoga,low,20,3,67
32,male,1.83,61,18.2,3860,strength,low,20,4,87
46,male,1.51,95,41.7,3258,cardio,high,26,6,423
45,female,1.45,108,51.4,2316,cardio,high,25,5,462
35,male,1.46,40,18.8,2519,cardio+strength,medium,37,5,169
37,female,1.51,89,39.0,3561,cardio,high,29,6,442
25,male,1.86,78,22.5,2691,cardio+strength,medium,44,5,392
48,female,1.67,57,20.4,2903,cardio+strength,medium,40,4,260
63,male,1.53,91,38.9,1578,yoga,low,23,2,149
61,male,1.56,42,17.3,3915,yoga,low,20,4,60
25,male,1.63,44,16.6,3036,strength,low,20,6,62
31,male,1.75,46,15.0,1942,strength,low,20,5,65
16,male,1.79,93,29.0,3319,bodyweight,low,52,3,345
22,female,1.69,59,20.7,2341,cardio+strength,medium,30,4,202
41,male,1.78,74,23.4,3980,cardio+strength,high,44,5,558
21,male,1.59,53,21.0,3538,cardio+strength,high,46,6,417
27,female,1.87,65,18.6,2966,cardio+strength,medium,43,4,319
25,male,1.72,66,22.3,3468,cardio+strength,high,50,4,565
15,male,1.79,54,16.9,3851,bodyweight,low,20,3,77
57,female,1.52,51,22.1,3595,yoga,low,21,4,76
61,male,1.9,69,19.1,3370,yoga,low,24,3,118
44,male,1.5,62,27.6,1661,cardio+strength,medium,34,4,240
58,female,1.66,54,19.6,1889,yoga,low,20,2,77
23,male,1.61,96,37.0,2598,cardio,high,21,6,345
36,male,1.51,91,39.9,3369,cardio,high,24,6,374
59,female,1.85,61,17.8,1963,yoga,low,20,2,87
59,male,1.94,60,15.9,1924,yoga,low,20,3,85
52,female,1.85,96,28.0,2242,yoga,low,29,3,198
64,female,1.76,56,18.1,3478,yoga,low,20,3,80
22,female,1.67,48,17.2,2571,strength,low,20,5,68
35,male,1.8,107,33.0,3861,cardio,high,29,5,531
57,female,1.71,119,40.7,1890,yoga,low,26,4,221
61,male,1.69,89,31.2,2108,yoga,low,28,4,178
18,male,1.77,60,19.2,3570,cardio+strength,high,55,5,565
25,male,1.83,81,24.2,2486,cardio+strength,medium,40,4,370
18,male,1.73,88,29.4,3151,cardio+strength,high,47,4,709
44,female,1.85,97,28.3,1860,cardio+strength,medium,40,4,443
35,male,1.94,42,11.2,1920,strength,low,20,4,60
41,male,1.73,40,13.4,1872,strength,low,20,4,57
47,male,1.78,98,30.9,2896,cardio,high,25,5,420
29,female,1.62,119,45.3,3957,cardio,high,27,6,550
60,female,1.51,68,29.8,1508,yoga,low,25,3,121
55,female,1.72,87,29.4,1935,yoga,low,20,2,124
46,male,1.86,92,26.6,1938,cardio+strength,medium,33,3,346
27,male,1.92,90,24.4,2383,cardio+strength,medium,44,3,452
60,female,1.5,93,41.3,1690,yoga,low,30,4,199
52,male,1.84,97,28.7,3373,yoga,low,30,4,207
47,male,1.93,40,10.7,3672,strength,low,20,6,57
18,female,1.87,101,28.9,3582,cardio+strength,high,45,6,779
52,male,1.82,56,16.9,1924,yoga,low,20,3,80
57,female,1.7,89,30.8,3214,yoga,low,29,4,184
63,male,1.59,83,32.8,2704,yoga,low,27,2,160
23,female,1.75,105,34.3,2724,cardio,high,28,6,504
60,male,1.55,119,49.5,2690,yoga,low,30,3,255
58,male,1.94,62,16.5,3563,yoga,low,20,4,88
59,female,1.81,85,25.9,3803,yoga,low,27,4,163
51,female,1.79,108,33.7,2671,yoga,low,26,2,200
48,male,1.46,58,27.2,1717,cardio+strength,medium,26,3,172
32,male,1.94,72,19.1,2099,cardio+strength,medium,31,5,255
65,female,1.55,109,45.4,1632,yoga,low,25,3,194
21,male,1.82,111,33.5,3092,cardio,high,23,6,437
59,male,1.91,89,24.4,3206,yoga,low,30,3,190
50,male,1.46,72,33.8,2331,yoga,high,29,3,357
29,female,1.83,109,32.5,3971,cardio,high,23,5,429
33,female,1.54,49,20.7,2265,cardio+strength,medium,35,5,196
47,male,1.64,94,34.9,2643,cardio,high,28,6,451
23,male,1.74,72,23.8,1523,cardio+strength,medium,40,4,329
60,male,1.47,81,37.5,3944,yoga,low,20,4,115
54,female,1.7,113,39.1,3753,yoga,low,25,2,201
65,female,1.71,63,21.5,3632,yoga,low,21,4,94
25,female,1.72,91,30.8,1876,cardio,high,25,5,390
28,female,1.62,77,29.3,2394,cardio+strength,medium,45,5,396
63,male,1.51,84,36.8,3325,yoga,low,23,4,138
54,male,1.93,81,21.7,3062,yoga,low,21,3,121
31,female,1.46,106,49.7,3035,cardio,high,28,6,508
46,male,1.6,64,25.0,2812,cardio+strength,medium,27,3,197
25,male,1.76,66,21.3,2373,cardio+strength,medium,43,3,324
28,female,1.77,49,15.6,2129,strength,low,20,3,70
44,female,1.47,49,22.7,1722,cardio+strength,medium,30,4,168
50,male,1.74,69,22.8,2559,yoga,medium,38,3,299
43,female,1.67,42,15.1,3095,strength,low,20,6,60
22,male,1.77,119,38.0,1759,cardio,high,29,5,591
59,male,1.63,104,39.1,1934,yoga,low,24,4,178
34,male,1.59,96,38.0,3062,cardio,high,26,5,427
45,male,1.72,57,19.3,3101,cardio+strength,high,57,5,556
55,male,1.6,87,34.0,1545,yoga,low,28,4,174
24,male,1.47,113,52.3,3943,cardio,high,26,5,503
34,male,1.82,84,25.4,2367,cardio+strength,medium,43,5,412
47,male,1.53,68,29.0,2535,cardio+strength,medium,31,3,240
26,male,1.88,110,31.1,3389,cardio,high,30,5,565
33,male,1.58,65,26.0,3878,cardio+strength,high,55,5,612
37,male,1.79,70,21.8,1909,cardio+strength,medium,34,3,272
27,female,1.69,82,28.7,2752,cardio+strength,medium,34,5,318
51,female,1.85,94,27.5,2190,yoga,low,20,3,134
30,male,1.81,95,29.0,2633,cardio+strength,medium,41,3,445
58,female,1.89,99,27.7,3324,yoga,low,25,3,176
46,male,1.54,117,49.3,1835,cardio,high,24,5,481
49,male,1.58,120,48.1,1813,cardio,high,21,5,432
47,male,1.86,114,33.0,3159,cardio,high,29,5,566
17,female,1.72,109,36.8,3433,bodyweight,low,30,3,233
64,male,1.63,68,25.6,3915,yoga,low,24,2,116
44,male,1.65,104,38.2,1543,cardio,high,30,5,534
54,male,1.83,57,17.0,3327,yoga,low,20,2,81
26,male,1.82,101,30.5,2969,cardio,high,20,5,346
63,female,1.57,73,29.6,3013,yoga,low,23,2,119
57,male,1.71,86,29.4,3089,yoga,low,27,3,165
17,male,1.94,81,21.5,1922,bodyweight,low,33,3,190
62,female,1.74,112,37.0,2212,yoga,low,26,4,208
39,female,1.74,49,16.2,3616,strength,low,20,5,70
39,male,1.71,85,29.1,2913,cardio+strength,medium,40,4,388
53,male,1.7,57,19.7,3301,yoga,low,22,2,89
19,female,1.56,63,25.9,2144,cardio+strength,medium,41,5,295
60,male,1.78,93,29.4,2852,yoga,low,21,3,139
58,female,1.69,115,40.3,2160,yoga,low,30,3,246
16,male,1.47,113,52.3,3926,bodyweight,low,22,3,177
23,male,1.9,58,16.1,1729,strength,low,20,3,82
31,male,1.71,91,31.1,3954,cardio,high,29,5,452
61,female,1.92,67,18.2,3339,yoga,low,20,4,95
45,female,1.54,92,38.8,3961,cardio,high,22,5,346
54,female,1.53,83,35.5,3357,yoga,low,29,4,171
19,male,1.64,56,20.8,1944,cardio+strength,medium,30,3,192
48,female,1.86,117,33.8,1894,cardio,high,22,6,441
54,male,1.89,108,30.2,3561,yoga,low,21,2,162
45,male,1.9,109,30.2,1504,cardio,high,30,6,560
48,female,1.64,45,16.7,3670,strength,low,20,5,64
29,female,1.84,88,26.0,2935,cardio+strength,medium,33,4,331
23,female,1.69,69,24.2,1843,cardio+strength,medium,39,5,307
49,female,1.58,40,16.0,1529,strength,low,20,3,57
48,male,1.64,66,24.5,2793,cardio+strength,medium,38,4,286
21,male,1.66,114,41.4,2538,cardio,high,24,6,469
51,female,1.76,90,29.1,2334,yoga,low,26,4,167
65,female,1.54,111,46.8,3772,yoga,low,27,3,214
34,female,1.84,90,26.6,2065,cardio+strength,medium,33,5,339
29,female,1.84,60,17.7,1910,strength,low,20,3,85
47,female,1.84,110,32.5,1713,cardio,high,22,6,414
55,male,1.85,58,16.9,3431,yoga,low,20,4,82
42,male,1.48,68,31.0,3018,cardio,high,21,5,244
61,female,1.92,91,24.7,3634,yoga,low,24,4,156
53,male,1.92,62,16.8,3524,yoga,low,20,3,88
15,male,1.88,106,30.0,2671,bodyweight,low,31,3,234
17,male,1.76,44,14.2,2973,bodyweight,low,20,3,62
30,male,1.94,51,13.6,2630,strength,low,20,4,72
37,female,1.65,65,23.9,3620,cardio+strength,medium,40,6,297
60,male,1.91,110,30.2,2665,yoga,low,28,4,220
37,female,1.93,75,20.1,2426,cardio+strength,medium,31,4,265
40,male,1.58,92,36.9,3573,cardio,high,21,5,331
47,female,1.62,54,20.6,3602,cardio+strength,medium,48,6,296
65,female,1.8,88,27.2,3806,yoga,low,27,2,169
63,female,1.93,98,26.3,3387,yoga,low,29,2,203
45,male,1.58,88,35.3,2402,cardio,high,30,5,452
35,female,1.93,106,28.5,3694,cardio+strength,high,40,6,726
31,male,1.59,91,36.0,2900,cardio,high,21,5,327
45,female,1.63,113,42.5,2602,cardio,high,22,5,426
46,male,1.57,70,28.4,2587,cardio+strength,medium,31,3,248
27,male,1.87,85,24.3,2138,cardio+strength,medium,33,3,320
20,female,1.76,109,35.2,1673,cardio,high,27,6,504
54,female,1.7,113,39.1,2625,yoga,low,27,2,217
63,female,1.65,113,41.5,2025,yoga,low,20,4,161
42,female,1.92,44,11.9,3558,strength,low,20,5,62
40,male,1.68,55,19.5,3622,cardio+strength,high,54,5,509
59,male,1.46,66,31.0,3054,yoga,low,29,2,136
35,female,1.76,73,23.6,2266,cardio+strength,medium,38,3,317
32,female,1.93,83,22.3,2998,cardio+strength,medium,35,4,332
42,male,1.66,87,31.6,2995,cardio,high,26,6,387
43,male,1.74,113,37.3,2436,cardio,high,21,6,406
30,female,1.88,65,18.4,2097,strength,low,20,5,92
24,female,1.85,62,18.1,3226,strength,low,20,5,88
23,female,1.84,78,23.0,2527,cardio+strength,medium,31,4,276
21,male,1.48,72,32.9,3451,cardio,high,30,5,370
43,female,1.58,86,34.4,3795,cardio,high,28,6,412
37,male,1.66,84,30.5,3980,cardio,high,23,5,331
64,female,1.63,105,39.5,3496,yoga,low,27,2,202
39,female,1.68,58,20.5,2186,cardio+strength,medium,35,4,232
55,female,1.87,49,14.0,1824,yoga,low,20,2,70
36,male,1.61,77,29.7,2595,cardio+strength,medium,37,4,325
43,female,1.82,106,32.0,3344,cardio,high,26,5,472
26,male,1.51,70,30.7,2530,cardio,high,21,5,252
25,female,1.5,48,21.3,3438,cardio+strength,medium,57,4,312
16,female,1.71,50,17.1,1925,bodyweight,low,20,3,71
31,male,1.49,89,40.1,2767,cardio,high,23,5,350
62,female,1.67,56,20.1,2037,yoga,low,28,2,112
16,male,1.78,81,25.6,3450,bodyweight,low,54,3,312
49,female,1.72,57,19.3,3708,cardio+strength,medium,45,6,293
53,female,1.77,112,35.7,3281,yoga,low,28,4,224
55,female,1.9,101,28.0,3710,yoga,low,23,2,165
43,female,1.63,73,27.5,2137,cardio+strength,medium,34,3,283
15,male,1.62,100,38.1,3691,bodyweight,low,20,3,142
59,female,1.92,101,27.4,2727,yoga,low,20,3,144
33,male,1.85,110,32.1,3030,cardio,high,23,6,433
50,female,1.65,60,22.0,3096,yoga,medium,52,2,356
31,male,1.66,70,25.4,3616,cardio+strength,high,59,6,708
58,female,1.59,108,42.7,2601,yoga,low,26,2,200
19,male,1.52,54,23.4,3365,cardio+strength,high,59,5,546
32,female,1.54,42,17.7,2123,strength,low,20,3,60
49,male,1.54,53,22.3,2655,cardio+strength,medium,33,3,199
60,female,1.81,69,21.1,1869,yoga,low,22,2,108
46,male,1.62,79,30.1,3541,cardio,high,25,6,338
59,male,1.62,58,22.1,1729,yoga,low,24,3,99
19,female,1.54,72,30.4,3062,cardio,high,20,5,246
64,male,1.64,96,35.7,2512,yoga,low,20,2,137
44,male,1.71,66,22.6,3436,cardio+strength,high,52,6,588
34,female,1.53,45,19.2,3751,cardio+strength,medium,56,4,288
31,female,1.77,65,20.7,2976,cardio+strength,medium,31,5,230
28,male,1.57,95,38.5,2829,cardio,high,20,5,325
65,female,1.74,90,29.7,2495,yoga,low,20,2,128
52,female,1.79,59,18.4,3021,yoga,low,20,2,84
30,male,1.7,119,41.2,2886,cardio,high,30,5,612
18,female,1.77,108,34.5,1939,cardio,high,22,6,407
29,female,1.94,84,22.3,3296,cardio+strength,medium,46,4,441
59,female,1.63,57,21.5,2526,yoga,low,20,3,81
60,female,1.73,109,36.4,3507,yoga,low,23,4,179
26,female,1.61,99,38.2,2627,cardio,high,29,5,492
19,male,1.67,73,26.2,3718,cardio+strength,high,51,5,638
15,female,1.82,42,12.7,2991,bodyweight,low,20,3,60
64,male,1.61,48,18.5,3707,yoga,low,26,2,89
48,female,1.83,59,17.6,2659,strength,low,20,4,84
41,female,1.51,106,46.5,1773,cardio,high,20,5,363
26,male,1.55,102,42.5,2284,cardio,high,21,5,367
51,female,1.78,107,33.8,3917,yoga,low,24,2,183
38,male,1.75,49,16.0,1553,strength,low,20,3,70
56,female,1.91,50,13.7,3417,yoga,low,20,4,71
18,female,1.73,93,31.1,3011,cardio,high,20,6,318
48,male,1.82,78,23.5,1819,cardio+strength,medium,31,3,276
21,male,1.72,64,21.6,2291,cardio+strength,medium,37,5,270
55,male,1.73,111,37.1,3200,yoga,low,21,4,166
51,female,1.79,94,29.3,1926,yoga,low,22,2,147
50,female,1.7,60,20.8,3686,yoga,medium,59,3,404
37,female,1.73,81,27.1,3022,cardio+strength,high,53,6,735
42,female,1.75,112,36.6,3734,cardio,high,23,6,441
64,female,1.63,97,36.5,3332,yoga,low,26,2,180
61,male,1.94,116,30.8,1566,yoga,low,28,2,232
34,male,1.6,68,26.6,2379,cardio+strength,medium,40,3,310
64,female,1.91,105,28.8,3778,yoga,low,29,4,217
24,male,1.47,85,39.3,2139,cardio,high,22,6,320
38,male,1.57,78,31.6,1876,cardio,high,29,6,387
51,male,1.82,81,24.5,3476,yoga,low,22,3,127
59,male,1.75,78,25.5,1653,yoga,low,29,3,161
20,male,1.91,82,22.5,2925,cardio+strength,medium,43,4,402
22,male,1.82,117,35.3,1546,cardio,high,30,6,601
18,female,1.71,80,27.4,3711,cardio+strength,high,58,4,795
35,male,1.53,90,38.4,3325,cardio,high,29,5,447
29,female,1.59,90,35.6,2106,cardio,high,22,6,339
20,female,1.74,46,15.2,3745,strength,low,20,5,65
31,male,1.65,95,34.9,2034,cardio,high,22,6,358
50,male,1.69,113,39.6,2303,yoga,high,28,4,542
62,male,1.57,74,30.0,3261,yoga,low,25,4,132
51,male,1.51,92,40.3,3234,yoga,low,25,3,164
27,female,1.62,43,16.4,2748,strength,low,20,3,61
37,female,1.76,96,31.0,1683,cardio,high,23,5,378
58,female,1.53,50,21.4,1960,yoga,low,20,2,71
54,male,1.88,76,21.5,1556,yoga,low,25,4,135
22,female,1.68,42,14.9,2859,strength,low,20,3,60
62,male,1.55,106,44.1,2559,yoga,low,28,3,212
54,male,1.8,42,13.0,3042,yoga,low,20,4,60
57,male,1.58,47,18.8,2663,yoga,low,23,4,77
54,female,1.48,41,18.7,1772,yoga,low,26,4,76
32,female,1.88,42,11.9,2698,strength,low,20,5,60
39,male,1.94,105,27.9,1907,cardio+strength,medium,35,4,420
53,male,1.54,104,43.9,3375,yoga,low,28,4,208
16,male,1.57,107,43.4,2748,bodyweight,low,25,3,191
46,female,1.82,42,12.7,2920,strength,low,20,4,60
37,female,1.57,104,42.2,2629,cardio,high,20,6,356
39,male,1.92,75,20.3,2423,cardio+strength,medium,29,4,248
40,male,1.49,88,39.6,3632,cardio,high,30,5,452
41,male,1.74,94,31.0,2779,cardio,high,29,6,467
43,male,1.55,57,23.7,3879,cardio+strength,high,57,6,556
27,male,1.6,107,41.8,2053,cardio,high,26,5,476
56,male,1.61,111,42.8,3683,yoga,low,21,2,166
35,male,1.81,80,24.4,3195,cardio+strength,high,53,5,726
43,female,1.53,64,27.3,1937,cardio+strength,medium,29,3,212
16,female,1.75,118,38.5,2445,bodyweight,low,29,3,244
29,male,1.79,85,26.5,1825,cardio+strength,medium,45,3,437
47,female,1.81,87,26.6,2253,cardio+strength,medium,37,4,367
45,male,1.53,68,29.0,1632,cardio+strength,medium,38,3,295
32,female,1.56,65,26.7,2337,cardio+strength,medium,32,3,237
43,female,1.79,98,30.6,2510,cardio,high,26,6,436
64,male,1.75,88,28.7,2781,yoga,low,26,4,163
62,male,1.71,97,33.2,3371,yoga,low,20,2,138
48,female,1.94,45,12.0,3784,strength,low,20,5,64
48,male,1.54,96,40.5,3130,cardio,high,24,6,394
44,male,1.66,118,42.8,1723,cardio,high,28,5,566
44,female,1.5,104,46.2,1963,cardio,high,22,5,392
40,female,1.61,43,16.6,2232,strength,low,20,4,61
52,male,1.89,51,14.3,2524,yoga,low,20,3,72
59,male,1.81,55,16.8,1873,yoga,low,20,2,78
60,female,1.77,50,16.0,3645,yoga,low,20,4,71
39,male,1.64,88,32.7,1679,cardio,high,22,6,331
51,male,1.53,58,24.8,2232,yoga,low,20,3,82
34,female,1.82,97,29.3,2682,cardio+strength,medium,35,3,388
23,male,1.45,72,34.2,1550,cardio,high,27,6,333
46,male,1.75,103,33.6,2474,cardio,high,23,6,406
44,female,1.67,116,41.6,3958,cardio,high,20,5,397
50,female,1.76,111,35.8,2350,yoga,high,20,2,380
24,male,1.78,44,13.9,2095,strength,low,20,3,62
57,female,1.62,51,19.4,1700,yoga,low,21,3,76
26,male,1.79,118,36.8,3936,cardio,high,29,5,586
44,female,1.92,51,13.8,2725,strength,low,20,4,72
38,female,1.86,94,27.2,3754,cardio+strength,high,42,5,676
45,male,1.51,75,32.9,2848,cardio,high,28,6,360
48,male,1.8,118,36.4,1738,cardio,high,21,5,424
45,female,1.66,80,29.0,2563,cardio+strength,medium,36,3,329
54,female,1.71,120,41.0,3538,yoga,low,27,2,231
54,male,1.8,64,19.8,1506,yoga,low,21,2,96
44,male,1.82,66,19.9,3198,cardio+strength,high,53,4,599
36,female,1.73,67,22.4,1546,cardio+strength,medium,31,4,237
31,male,1.6,104,40.6,3752,cardio,high,25,5,445
22,female,1.62,112,42.7,1619,cardio,high,22,5,422
36,female,1.91,101,27.7,3443,cardio+strength,high,41,6,709
23,female,1.53,98,41.9,3699,cardio,high,25,6,420
65,female,1.91,47,12.9,3634,yoga,low,20,3,67
51,female,1.73,42,14.0,2353,yoga,low,20,4,60
58,female,1.85,85,24.8,1771,yoga,low,22,3,133
16,female,1.94,120,31.9,3688,bodyweight,low,22,3,188
51,female,1.54,54,22.8,2762,yoga,low,25,4,96
17,female,1.66,103,37.4,2473,bodyweight,low,25,3,183
43,female,1.56,78,32.1,2216,cardio,high,21,6,280
65,male,1.84,51,15.1,3317,yoga,low,20,4,72
16,female,1.9,59,16.3,2279,bodyweight,low,20,3,84
36,female,1.82,107,32.3,2771,cardio,high,25,5,458
64,male,1.86,106,30.6,2043,yoga,low,23,4,174
17,female,1.64,106,39.4,1974,bodyweight,low,20,3,151
34,male,1.79,116,36.2,1856,cardio,high,25,6,497
17,male,1.71,79,27.0,1592,bodyweight,low,34,3,191
55,male,1.61,64,24.7,2673,yoga,low,24,4,109
35,female,1.79,74,23.1,2111,cardio+strength,medium,35,4,296
22,male,1.93,111,29.8,3605,cardio+strength,high,43,4,818
49,female,1.72,74,25.0,2079,cardio+strength,medium,34,3,287
25,male,1.61,83,32.0,3714,cardio,high,27,5,384
23,male,1.69,46,16.1,1933,strength,low,20,4,65
18,male,1.66,62,22.5,3941,cardio+strength,high,58,6,616
59,female,1.76,79,25.5,2861,yoga,low,23,4,129
63,male,1.94,99,26.3,3825,yoga,low,22,2,155
59,female,1.5,79,35.1,3406,yoga,low,27,2,152
29,male,1.88,118,33.4,2556,cardio,high,25,6,505
26,female,1.84,81,23.9,3356,cardio+strength,medium,55,4,509
19,female,1.51,101,44.3,3389,cardio,high,22,6,380
64,female,1.75,56,18.3,3580,yoga,low,20,2,80
40,male,1.61,49,18.9,2737,cardio+strength,medium,39,4,218
52,female,1.57,71,28.8,3744,yoga,low,22,3,111
39,male,1.62,115,43.8,3265,cardio,high,26,6,512
49,male,1.54,49,20.7,3851,cardio+strength,high,55,4,461
52,female,1.61,52,20.1,3323,yoga,low,22,3,81
40,male,1.75,116,37.9,3052,cardio,high,25,6,497
56,male,1.5,57,25.3,3878,yoga,low,30,2,122
63,male,1.78,97,30.6,3676,yoga,low,24,3,166
54,female,1.55,80,33.3,2727,yoga,low,29,4,165
34,female,1.81,84,25.6,1865,cardio+strength,medium,30,5,288
47,female,1.87,77,22.0,1755,cardio+strength,medium,36,3,316
15,female,1.5,76,33.8,1627,bodyweight,low,23,3,124
42,female,1.76,88,28.4,3163,cardio+strength,high,52,5,784
49,male,1.78,100,31.6,2069,cardio,high,23,6,394
38,female,1.53,56,23.9,2050,cardio+strength,medium,25,3,160
56,male,1.52,102,44.1,3288,yoga,low,22,2,160
23,female,1.88,117,33.1,3243,cardio,high,29,5,581
44,female,1.73,97,32.4,3075,cardio,high,25,5,415
26,female,1.75,113,36.9,3540,cardio,high,23,6,445
41,female,1.47,44,20.4,3827,cardio+strength,medium,55,6,276
38,male,1.74,50,16.5,2081,strength,low,20,4,71
44,male,1.71,118,40.4,1862,cardio,high,23,6,465
55,male,1.79,109,34.0,3874,yoga,low,24,4,186
18,female,1.72,41,13.9,3420,strength,low,20,5,58
47,female,1.74,82,27.1,3224,cardio+strength,high,51,5,716
33,male,1.47,116,53.7,2745,cardio,high,29,6,576
18,female,1.74,113,37.3,1711,cardio,high,30,6,581
62,male,1.59,50,19.8,2019,yoga,low,28,2,100
65,female,1.58,118,47.3,2650,yoga,low,24,3,202
15,male,1.75,115,37.6,2119,bodyweight,low,30,3,246
43,female,1.85,73,21.3,2467,cardio+strength,medium,40,3,333
48,male,1.62,50,19.1,2094,cardio+strength,medium,29,4,165
63,female,1.84,70,20.7,3302,yoga,low,30,2,150
28,female,1.48,73,33.3,1975,cardio,high,20,5,250
44,female,1.69,100,35.0,3681,cardio,high,23,6,394
58,female,1.69,58,20.3,3672,yoga,low,26,2,107
33,female,1.64,80,29.7,3671,cardio+strength,high,41,4,562
49,female,1.93,95,25.5,4000,cardio+strength,high,60,5,977
36,female,1.58,52,20.8,2545,cardio+strength,medium,37,4,219
64,male,1.82,115,34.7,2298,yoga,low,28,3,230
58,male,1.61,41,15.8,1534,yoga,low,20,2,58
15,female,1.5,53,23.6,3326,bodyweight,low,51,3,193
29,female,1.58,44,17.6,1597,strength,low,20,5,62
20,male,1.92,67,18.2,3955,strength,low,20,6,95
22,male,1.49,117,52.7,2032,cardio,high,26,5,521
22,male,1.58,99,39.7,1810,cardio,high,30,6,509
32,female,1.8,81,25.0,2554,cardio+strength,medium,35,3,324
32,male,1.64,82,30.5,1746,cardio,high,24,6,337
26,female,1.48,65,29.7,3999,cardio+strength,high,52,4,579
56,female,1.5,109,48.4,3266,yoga,low,23,4,179
56,male,1.91,73,20.0,1923,yoga,low,20,2,104
19,female,1.84,42,12.4,3538,strength,low,20,4,60
56,male,1.92,89,24.1,2591,yoga,low,22,4,139
36,female,1.74,105,34.7,3509,cardio,high,27,6,486
40,male,1.72,40,13.5,3074,strength,low,20,6,57
64,female,1.51,108,47.4,2970,yoga,low,25,4,192
34,female,1.48,51,23.3,2996,cardio+strength,medium,40,3,233
44,female,1.77,62,19.8,3771,cardio+strength,medium,41,5,290
57,male,1.6,89,34.8,1937,yoga,low,30,4,190
37,female,1.49,120,54.1,3293,cardio,high,23,5,473
17,male,1.46,115,54.0,2476,bodyweight,low,27,3,221
39,male,1.85,79,23.1,3546,cardio+strength,high,57,5,771
16,male,1.62,83,31.6,1675,bodyweight,low,26,3,154
22,male,1.85,106,31.0,3377,cardio,high,30,5,545
62,male,1.91,44,12.1,2079,yoga,low,20,3,62
56,male,1.69,119,41.7,1687,yoga,low,23,4,195
56,male,1.46,120,56.3,1704,yoga,low,24,2,205
44,male,1.87,48,13.7,1935,strength,low,20,3,68
46,male,1.48,65,29.7,3245,cardio+strength,high,50,6,557
58,female,1.61,113,43.6,3735,yoga,low,22,3,177
65,male,1.83,115,34.3,2210,yoga,low,25,2,205
22,female,1.52,93,40.3,2188,cardio,high,25,5,398
43,male,1.91,45,12.3,2046,strength,low,20,3,64
65,female,1.84,42,12.4,3494,yoga,low,20,2,60
15,male,1.54,51,21.5,3931,bodyweight,low,49,3,178
41,female,1.8,66,20.4,2086,cardio+strength,medium,33,4,248
41,male,1.92,118,32.0,1654,cardio,high,29,5,586
60,female,1.76,51,16.5,2733,yoga,low,20,3,72
41,male,1.73,64,21.4,1981,cardio+strength,medium,28,4,204
63,male,1.68,120,42.5,2352,yoga,low,24,2,205
27,male,1.85,100,29.2,3537,cardio+strength,high,45,4,771
57,male,1.48,86,39.3,2667,yoga,low,23,3,141
31,female,1.76,98,31.6,1677,cardio,high,21,5,352
49,male,1.53,43,18.4,3486,strength,low,20,6,61
22,male,1.9,96,26.6,3927,cardio+strength,high,58,5,954
41,male,1.82,81,24.5,2442,cardio+strength,medium,28,4,259
29,male,1.57,92,37.3,2319,cardio,high,26,5,410
19,female,1.74,46,15.2,3285,strength,low,20,4,65
28,female,1.54,87,36.7,2058,cardio,high,27,5,402
55,female,1.94,65,17.3,2875,yoga,low,20,2,92
17,male,1.59,54,21.4,3406,bodyweight,low,54,3,208
41,male,1.83,68,20.3,2708,cardio+strength,medium,30,3,233
51,male,1.49,106,47.7,3503,yoga,low,23,4,174
45,female,1.59,94,37.2,2510,cardio,high,23,6,370
42,male,1.9,115,31.9,2110,cardio,high,29,5,571
41,male,1.47,100,46.3,3565,cardio,high,20,6,342
48,female,1.69,52,18.2,3353,strength,low,20,5,74
30,male,1.73,41,13.7,3165,strength,low,20,4,58
23,female,1.6,51,19.9,1565,cardio+strength,medium,45,5,262
34,male,1.8,113,34.9,3890,cardio,high,20,6,387
44,male,1.89,91,25.5,2257,cardio+strength,medium,36,4,374
60,male,1.88,49,13.9,3076,yoga,low,20,4,70
36,male,1.6,74,28.9,3721,cardio+strength,high,58,4,735
65,male,1.76,82,26.5,1724,yoga,low,28,4,164
38,male,1.51,86,37.7,3406,cardio,high,29,5,427
38,female,1.54,111,46.8,1774,cardio,high,28,5,532
23,female,1.57,54,21.9,3459,cardio+strength,medium,58,6,357
28,male,1.61,74,28.5,3562,cardio+strength,high,53,5,672
18,male,1.64,97,36.1,3491,cardio,high,28,5,465
45,female,1.68,87,30.8,1768,cardio,high,23,6,343
20,male,1.65,62,22.8,2681,cardio+strength,medium,32,3,226
25,female,1.51,58,25.4,3532,cardio+strength,high,44,4,437
48,male,1.6,109,42.6,2040,cardio,high,27,6,504
41,female,1.82,42,12.7,2694,strength,low,20,3,60
19,male,1.89,69,19.3,3628,cardio+strength,high,60,5,709
41,female,1.78,81,25.6,3491,cardio+strength,high,58,6,805
59,female,1.68,112,39.7,2040,yoga,low,24,2,192
65,female,1.56,87,35.7,2680,yoga,low,20,2,124
37,female,1.68,61,21.6,2158,cardio+strength,medium,34,3,237
26,male,1.53,54,23.1,1668,cardio+strength,medium,40,5,246
23,female,1.58,63,25.2,2340,cardio+strength,medium,31,5,223
35,female,1.52,97,42.0,3711,cardio,high,22,6,365
22,male,1.65,103,37.8,2095,cardio,high,27,6,476
24,male,1.94,109,29.0,3578,cardio+strength,high,50,6,934
60,female,1.69,77,27.0,3849,yoga,low,30,2,165
51,female,1.62,54,20.6,3461,yoga,low,20,2,77
58,male,1.6,91,35.5,2402,yoga,low,27,3,175
20,female,1.48,64,29.2,3889,cardio+strength,high,56,4,614
65,female,1.55,50,20.8,3705,yoga,low,27,4,96
57,male,1.94,90,23.9,2296,yoga,low,27,3,173
53,male,1.9,86,23.8,3128,yoga,low,22,4,135
42,female,1.64,41,15.2,2665,strength,low,20,4,58
37,female,1.94,111,29.5,1858,cardio+strength,medium,31,4,393
62,female,1.85,76,22.2,2170,yoga,low,26,4,141
41,male,1.87,116,33.2,1852,cardio,high,22,5,437
34,female,1.94,107,28.4,2873,cardio+strength,medium,32,5,391
63,female,1.49,92,41.4,2619,yoga,low,26,2,170
50,female,1.81,57,17.4,2316,yoga,low,20,2,81
39,female,1.73,45,15.0,2736,strength,low,20,4,64
46,female,1.56,40,16.4,2130,strength,low,20,4,57
34,female,1.51,76,33.3,3208,cardio,high,22,6,286
59,male,1.46,75,35.2,3519,yoga,low,21,4,112
62,female,1.74,112,37.0,3286,yoga,low,24,4,192
58,female,1.94,55,14.6,3028,yoga,low,20,4,78
61,male,1.87,60,17.2,3882,yoga,low,20,2,85
24,female,1.68,57,20.2,2963,cardio+strength,medium,35,3,228
32,female,1.66,85,30.8,1699,cardio,high,24,6,349
48,male,1.71,120,41.0,2250,cardio,high,21,5,432
49,female,1.89,78,21.8,2611,cardio+strength,medium,36,3,320
49,female,1.86,41,11.9,2060,strength,low,20,4,58
38,female,1.66,60,21.8,1919,cardio+strength,medium,31,3,212
47,male,1.87,111,31.7,3653,cardio,high,28,5,532
41,female,1.91,54,14.8,2037,strength,low,20,3,77
45,female,1.61,86,33.2,2069,cardio,high,27,6,398
26,female,1.46,55,25.8,2410,cardio+strength,medium,34,5,213
24,male,1.6,66,25.8,2033,cardio+strength,medium,32,4,241
59,male,1.49,101,45.5,3266,yoga,low,20,2,144
21,male,1.85,105,30.7,3929,cardio,high,20,6,360
22,female,1.47,78,36.1,1542,cardio,high,21,5,280
53,male,1.74,65,21.5,2256,yoga,low,30,3,139
16,male,1.52,75,32.5,3874,bodyweight,low,25,3,133
37,male,1.88,118,33.4,2490,cardio,high,28,5,566
21,male,1.71,64,21.9,2654,cardio+strength,medium,35,5,256
15,male,1.91,104,28.5,3444,bodyweight,low,51,3,378
59,male,1.67,53,19.0,2240,yoga,low,25,3,94
42,male,1.71,92,31.5,1962,cardio,high,25,5,394
44,male,1.71,103,35.2,2979,cardio,high,24,5,423
20,female,1.7,89,30.8,2661,cardio,high,27,6,411
58,female,1.56,92,37.8,2690,yoga,low,26,2,170
19,female,1.92,87,23.6,2234,cardio+strength,medium,30,5,298
46,male,1.65,106,38.9,1848,cardio,high,21,5,381
40,female,1.8,53,16.4,2191,strength,low,20,3,75
38,male,1.62,116,44.2,3155,cardio,high,21,5,417
42,female,1.59,114,45.1,3931,cardio,high,24,6,469
37,female,1.78,91,28.7,3484,cardio+strength,high,56,5,873
24,female,1.5,72,32.0,3504,cardio,high,27,5,333
55,male,1.46,46,21.6,1779,yoga,low,27,4,88
16,male,1.64,81,30.1,2125,bodyweight,low,24,3,138
54,male,1.83,106,31.7,3516,yoga,low,27,2,204
33,female,1.7,73,25.3,3721,cardio+strength,high,50,6,625
49,male,1.93,44,11.8,3262,strength,low,20,4,62
39,female,1.61,88,33.9,3312,cardio,high,27,5,407
17,male,1.73,78,26.1,2172,bodyweight,low,40,3,222
42,male,1.61,89,34.3,3496,cardio,high,21,6,320
57,female,1.69,60,21.0,3575,yoga,low,20,3,85
31,female,1.75,88,28.7,2944,cardio+strength,medium,39,4,392
18,male,1.75,56,18.3,3000,strength,low,20,4,80
62,male,1.83,120,35.8,2897,yoga,low,26,2,222
42,female,1.95,92,24.2,2938,cardio+strength,medium,26,3,273
30,male,1.77,115,36.7,1847,cardio,high,21,6,414
22,female,1.53,108,46.1,2835,cardio,high,20,6,370
57,female,1.73,93,31.1,2592,yoga,low,20,4,132
45,male,1.94,88,23.4,3836,cardio+strength,high,52,5,784
51,male,1.85,52,15.2,2343,yoga,low,20,3,74
46,female,1.53,78,33.3,2988,cardio,high,26,5,347
46,male,1.87,108,30.9,2376,cardio,high,24,6,444
18,female,1.95,91,23.9,2425,cardio+strength,medium,32,5,332
52,male,1.75,74,24.2,1775,yoga,low,29,4,153
45,female,1.55,49,20.4,2736,cardio+strength,medium,34,4,190
57,female,1.55,91,37.9,2529,yoga,low,29,4,188
44,male,1.89,120,33.6,3614,cardio,high,22,6,452
28,female,1.58,108,43.3,3276,cardio,high,29,5,536
48,male,1.63,58,21.8,2484,cardio+strength,medium,29,4,192
42,female,1.61,48,18.5,2333,cardio+strength,medium,38,4,208
33,male,1.58,116,46.5,2467,cardio,high,26,5,517
22,male,1.55,71,29.6,2771,cardio+strength,medium,44,4,357
50,female,1.66,44,16.0,2327,yoga,low,20,2,62
32,male,1.46,75,35.2,3755,cardio,high,22,5,282
61,female,1.84,47,13.9,1843,yoga,low,20,3,67
53,female,1.88,92,26.0,2988,yoga,low,30,4,197
20,female,1.92,57,15.5,2466,strength,low,20,3,81
51,male,1.71,114,39.0,3651,yoga,low,24,3,195
20,male,1.75,80,26.1,2848,cardio+strength,medium,42,5,384
62,male,1.92,67,18.2,2090,yoga,low,20,2,95
26,male,1.93,96,25.8,3172,cardio+strength,high,48,6,789
18,female,1.72,54,18.3,2796,strength,low,20,5,77
42,female,1.79,75,23.4,2093,cardio+strength,medium,36,4,308
60,female,1.86,42,12.1,3981,yoga,low,20,2,60
62,male,1.8,70,21.6,2536,yoga,low,28,3,140
34,female,1.9,55,15.2,3690,strength,low,20,4,78
43,female,1.45,90,42.8,2546,cardio,high,24,5,370
63,male,1.6,60,23.4,3297,yoga,low,30,3,128
64,female,1.84,75,22.2,1828,yoga,low,27,3,144
62,female,1.91,82,22.5,3230,yoga,low,21,2,123
59,female,1.7,85,29.4,3223,yoga,low,29,4,176
50,female,1.68,43,15.2,1713,yoga,low,20,4,61
56,male,1.77,57,18.2,1512,yoga,low,20,3,81
27,female,1.61,50,19.3,1953,cardio+strength,medium,35,3,200
48,male,1.87,92,26.3,2808,cardio+strength,medium,39,4,410
62,male,1.58,115,46.1,2841,yoga,low,24,2,197
20,female,1.63,90,33.9,3045,cardio,high,29,5,447
16,male,1.91,118,32.3,2436,bodyweight,low,21,3,177
44,male,1.58,61,24.4,1703,cardio+strength,medium,37,4,257
53,female,1.52,87,37.7,2196,yoga,low,29,2,180
15,female,1.84,98,28.9,3524,bodyweight,low,43,3,301
29,male,1.55,74,30.8,2679,cardio,high,27,6,342
23,female,1.88,116,32.8,2382,cardio,high,24,5,477
41,male,1.65,58,21.3,1617,cardio+strength,medium,34,4,225
30,female,1.9,87,24.1,3887,cardio+strength,medium,60,5,596
20,male,1.68,81,28.7,3128,cardio+strength,high,46,6,638
39,female,1.82,72,21.7,1799,cardio+strength,medium,28,3,230
18,female,1.92,100,27.1,2951,cardio+strength,medium,31,3,354
31,female,1.6,90,35.2,3019,cardio,high,22,5,339
52,male,1.58,104,41.7,3518,yoga,low,25,3,185
23,male,1.61,107,41.3,3273,cardio,high,22,6,403
22,female,1.47,56,25.9,3544,cardio+strength,high,48,6,460
38,female,1.59,73,28.9,2580,cardio+strength,medium,35,4,292
25,female,1.82,102,30.8,2119,cardio,high,28,6,489
18,male,1.52,69,29.9,2250,cardio+strength,medium,31,4,244
31,male,1.8,95,29.3,1975,cardio+strength,medium,45,3,488
43,female,1.94,111,29.5,3487,cardio+strength,high,54,5,1027
22,male,1.51,51,22.4,2334,cardio+strength,medium,39,3,227
25,female,1.73,114,38.1,2369,cardio,high,29,5,566
48,male,1.66,49,17.8,2508,strength,low,20,4,70
58,male,1.89,43,12.0,2664,yoga,low,20,4,61
58,male,1.65,115,42.2,1934,yoga,low,25,2,205
16,male,1.68,101,35.8,3359,bodyweight,low,30,3,216
32,male,1.61,45,17.4,3355,strength,low,20,5,64
61,male,1.56,46,18.9,2658,yoga,low,25,2,82
62,male,1.72,117,39.5,3062,yoga,low,21,3,175
31,male,1.57,91,36.9,1865,cardio,high,20,5,312
25,female,1.84,76,22.4,2131,cardio+strength,medium,33,4,286
46,female,1.82,79,23.8,3971,cardio+strength,medium,44,5,397
57,male,1.87,105,30.0,2318,yoga,low,27,3,202
39,female,1.58,116,46.5,3232,cardio,high,21,6,417
38,male,1.67,94,33.7,1880,cardio,high,20,6,322
44,male,1.77,59,18.8,3528,cardio+strength,high,56,6,566
56,male,1.6,95,37.1,1824,yoga,low,27,3,183
24,male,1.79,78,24.3,2518,cardio+strength,medium,43,4,383
51,male,1.73,45,15.0,3602,yoga,low,20,2,64
47,female,1.66,99,35.9,3828,cardio,high,24,6,407
31,male,1.83,42,12.5,1966,strength,low,20,5,60
57,female,1.54,63,26.6,3109,yoga,low,20,2,90
