age,gender,height,weight,bmi,calories_intake,exercise_type,intensity_level,frequency_per_week,activity_level,recommended_calories,protein_grams_per_day,carbs_grams_per_day,fats_grams_per_day
55,male,1.46,80,37.5,2503,yoga,low,2,light,1483.4,148.3,92.7,57.7
29,male,1.82,56,16.9,3918,yoga,low,3,sedentary,2169.0,162.7,244.0,60.2
42,male,1.46,72,33.8,2452,bodyweight,low,3,sedentary,1213.0,121.3,91.0,40.4
47,male,1.73,98,32.7,2402,bodyweight,low,3,sedentary,1697.5,169.8,127.3,56.6
43,female,1.85,45,13.1,2153,strength,low,4,sedentary,1776.3,155.4,222.0,29.6
59,female,1.62,64,24.4,2381,cardio,high,6,very active,2064.0,154.8,232.2,57.3
63,female,1.5,93,41.3,1896,cardio,high,6,very active,1900.3,190.0,166.3,52.8
37,female,1.75,50,16.3,3381,cardio+strength,medium,4,moderate,2234.0,178.7,290.4,39.7
49,male,1.94,93,24.7,1822,yoga,low,3,sedentary,2283.0,171.2,199.8,88.8
50,female,1.86,91,26.3,3864,cardio+strength,medium,5,moderate,2075.3,217.9,166.0,60.0
27,male,1.47,74,34.2,2685,cardio+strength,medium,3,moderate,1869.6,196.3,149.6,54.0
20,male,1.88,93,26.3,2638,cardio,high,5,very active,2967.2,296.7,259.6,82.4
44,female,1.53,90,38.4,2358,yoga,low,2,light,1528.5,152.8,95.5,59.4
57,female,1.8,54,16.7,3995,cardio+strength,high,4,moderate,2189.4,175.2,284.6,38.9
55,male,1.72,76,25.7,2169,yoga,low,2,light,1651.9,165.2,103.2,64.2
44,female,1.58,73,29.2,2828,cardio+strength,high,5,very active,1805.5,189.6,144.4,52.2
64,male,1.56,49,20.1,2792,strength,low,3,sedentary,1380.0,120.7,138.0,38.3
40,female,1.48,85,38.8,2370,cardio+strength,high,5,very active,1939.2,203.6,155.1,56.0
56,female,1.65,103,37.8,2085,cardio,high,5,very active,2294.9,229.5,200.8,63.7
31,male,1.57,78,31.6,3894,yoga,low,3,sedentary,1433.5,143.3,89.6,55.7
42,female,1.63,62,23.3,3587,cardio,high,5,very active,2186.9,164.0,246.0,60.7
46,male,1.83,59,17.6,2126,yoga,low,2,light,2374.5,178.1,267.1,66.0
55,male,1.85,99,28.9,3942,cardio,high,6,very active,2736.5,273.7,239.4,76.0
19,female,1.64,104,38.7,3667,cardio,high,5,very active,2620.5,262.1,229.3,72.8
31,male,1.79,59,18.4,3699,cardio,high,5,very active,2988.8,224.2,411.0,49.8
63,female,1.83,88,26.3,1956,strength,low,5,sedentary,1357.3,152.7,101.8,37.7
33,female,1.53,45,19.2,2578,yoga,low,3,sedentary,1296.3,97.2,113.4,50.4
47,male,1.7,58,20.1,2722,yoga,low,2,light,1942.2,145.7,169.9,75.5
55,male,1.53,65,27.8,3709,cardio,high,5,very active,1805.0,180.5,157.9,50.1
64,male,1.75,107,34.9,1579,bodyweight,low,3,sedentary,1718.5,171.9,128.9,57.3
22,female,1.89,84,23.5,2480,strength,low,4,sedentary,2100.3,183.8,210.0,58.3
18,male,1.89,55,15.4,1850,cardio+strength,medium,5,moderate,2851.7,228.1,370.7,50.7
61,female,1.86,61,17.6,2025,cardio+strength,medium,5,moderate,2325.1,186.0,302.3,41.3
57,female,1.92,66,17.9,2585,cardio,high,5,very active,2739.2,205.4,376.6,45.7
48,female,1.93,70,18.8,2776,strength,low,3,sedentary,1806.3,158.1,180.6,50.2
40,female,1.67,102,36.6,1995,cardio+strength,medium,3,moderate,2139.3,224.6,171.1,61.8
30,male,1.48,47,21.5,3909,cardio,high,5,very active,2156.2,161.7,242.6,59.9
50,male,1.74,45,14.9,1790,cardio,high,6,very active,2529.6,189.7,347.8,42.2
60,male,1.56,49,20.1,2853,cardio,high,6,very active,2018.2,151.4,227.0,56.1
19,male,1.59,107,42.3,2377,cardio,high,5,very active,2904.7,290.5,254.2,80.7
49,male,1.81,105,32.1,2495,yoga,low,4,sedentary,1829.5,183.0,114.3,71.1
65,female,1.85,69,20.2,1886,strength,low,3,sedentary,1632.3,142.8,163.2,45.3
21,female,1.63,97,36.5,3412,yoga,low,4,sedentary,1567.3,156.7,98.0,61.0
61,male,1.79,57,17.8,1748,cardio+strength,high,6,very active,2695.6,215.6,350.4,47.9
40,female,1.85,58,16.9,2518,cardio,high,6,very active,2672.3,200.4,367.4,44.5
27,male,1.72,62,21.0,3228,strength,low,4,sedentary,1878.0,164.3,187.8,52.2
26,female,1.68,54,19.1,3315,yoga,low,2,light,1786.1,134.0,156.3,69.5
50,male,1.48,46,21.0,1882,cardio+strength,medium,4,moderate,1767.0,141.4,185.5,51.0
63,male,1.53,107,45.7,3471,cardio,high,6,very active,2460.5,246.1,215.3,68.3
28,female,1.9,66,18.3,3052,yoga,low,2,light,2426.4,182.0,273.0,67.4
15,female,1.58,103,41.3,2668,cardio,high,5,very active,2573.1,257.3,225.1,71.5
42,female,1.53,82,35.0,2391,yoga,low,4,sedentary,1186.3,118.6,74.1,46.1
18,male,1.82,52,15.7,1705,cardio,high,6,very active,3012.6,225.9,414.2,50.2
52,female,1.7,65,22.5,1732,cardio,high,5,very active,2227.8,167.1,250.6,61.9
47,male,1.88,53,15.0,3937,cardio+strength,high,4,moderate,2586.2,206.9,336.2,46.0
19,male,1.65,76,27.9,3871,cardio,high,5,very active,2434.7,243.5,213.0,67.6
53,male,1.76,98,31.6,3890,yoga,low,4,sedentary,1684.0,168.4,105.2,65.5
51,female,1.92,71,19.3,2786,yoga,low,3,sedentary,1792.8,134.5,156.9,69.7
30,female,1.65,83,30.5,3372,bodyweight,low,3,sedentary,1360.3,136.0,102.0,45.3
35,male,1.45,57,27.1,1800,strength,low,4,sedentary,1067.5,120.1,80.1,29.7
49,male,1.7,61,21.1,2929,cardio,high,5,very active,2471.1,185.3,278.0,68.6
19,male,1.63,65,24.5,3294,cardio+strength,medium,3,moderate,2447.1,195.8,256.9,70.7
49,female,1.76,46,14.9,3771,yoga,low,4,sedentary,1684.8,126.4,189.5,46.8
34,male,1.92,62,16.8,2583,cardio,high,6,very active,3154.9,236.6,433.8,52.6
22,male,1.82,64,19.3,2615,bodyweight,low,3,sedentary,2007.0,150.5,200.7,66.9
33,male,1.81,71,21.7,2581,yoga,low,2,light,2311.7,173.4,202.3,89.9
47,female,1.58,51,20.4,1878,yoga,low,3,sedentary,1321.8,99.1,115.7,51.4
55,female,1.86,50,14.5,1514,strength,low,5,sedentary,1771.8,155.0,221.5,29.5
36,male,1.77,78,24.9,2161,cardio+strength,high,4,moderate,2652.4,212.2,278.5,76.6
62,female,1.73,99,33.1,3797,cardio+strength,medium,5,moderate,1980.4,207.9,158.4,57.2
15,male,1.49,64,28.8,3734,yoga,high,4,moderate,1826.9,182.7,114.2,71.0
17,female,1.74,63,20.8,3260,yoga,low,3,sedentary,1765.8,132.4,154.5,68.7
23,male,1.6,50,19.5,2965,yoga,low,4,sedentary,1668.0,125.1,146.0,64.9
28,male,1.78,90,28.4,3793,yoga,low,2,light,2081.6,208.2,130.1,81.0
41,male,1.91,75,20.6,2165,cardio,high,6,very active,3008.0,225.6,338.4,83.6
26,female,1.46,87,40.8,3186,yoga,low,2,light,1550.8,155.1,96.9,60.3
57,male,1.58,58,23.2,3066,strength,low,4,sedentary,1545.0,135.2,154.5,42.9
17,female,1.56,103,42.3,2932,cardio,high,5,very active,2534.3,253.4,221.8,70.4
34,male,1.56,69,28.4,3132,cardio+strength,high,6,very active,2087.5,219.2,167.0,60.3
36,female,1.88,80,22.6,2938,cardio,high,5,very active,2818.7,211.4,317.1,78.3
56,female,1.79,87,27.2,1613,yoga,low,2,light,1628.2,162.8,101.8,63.3
22,female,1.54,78,32.9,1656,cardio,high,6,very active,2038.3,203.8,178.4,56.6
21,female,1.62,85,32.4,3287,cardio+strength,high,6,very active,2254.0,236.7,180.3,65.1
53,male,1.64,69,25.7,2543,cardio+strength,high,5,very active,2009.9,211.0,160.8,58.1
17,female,1.45,70,33.3,2991,cardio+strength,high,6,very active,1846.4,193.9,147.7,53.3
42,male,1.92,87,23.6,2785,cardio,high,6,very active,3217.1,241.3,361.9,89.4
57,male,1.81,83,25.3,3577,cardio+strength,high,4,moderate,2105.9,221.1,168.5,60.8
34,female,1.61,82,31.6,3770,cardio+strength,medium,3,moderate,1817.6,190.8,145.4,52.5
23,male,1.66,93,33.7,2212,yoga,low,2,light,2054.1,205.4,128.4,79.9
54,female,1.65,45,16.5,2744,cardio,high,6,very active,2111.7,158.4,290.4,35.2
33,male,1.66,86,31.2,3404,cardio,high,6,very active,2497.2,249.7,218.5,69.4
43,female,1.79,110,34.3,3438,yoga,low,4,sedentary,1711.3,171.1,107.0,66.6
65,male,1.78,81,25.6,3611,cardio+strength,medium,3,moderate,1983.9,208.3,158.7,57.3
57,female,1.5,75,33.3,2771,yoga,low,4,sedentary,989.8,99.0,61.9,38.5
29,male,1.52,50,21.6,2502,cardio+strength,high,5,very active,2259.8,180.8,237.3,65.3
45,male,1.68,69,24.4,3072,yoga,low,4,sedentary,1824.0,136.8,159.6,70.9
46,female,1.57,45,18.3,1936,yoga,low,2,light,1730.3,129.8,194.7,48.1
64,female,1.56,104,42.7,1705,yoga,low,4,sedentary,1340.8,134.1,83.8,52.1
50,male,1.91,60,16.4,3369,cardio,high,6,very active,2971.6,222.9,408.6,49.5
23,female,1.78,85,26.8,3312,yoga,low,4,sedentary,1523.8,152.4,95.2,59.3
54,female,1.87,102,29.2,2151,cardio,high,6,very active,2532.1,253.2,221.6,70.3
62,female,1.68,76,26.9,2635,cardio+strength,medium,3,moderate,1575.5,165.4,126.0,45.5
64,female,1.76,80,25.8,3301,yoga,low,3,sedentary,1202.8,120.3,75.2,46.8
19,female,1.57,87,35.3,2809,yoga,low,3,sedentary,1414.3,141.4,88.4,55.0
49,male,1.52,74,32.0,3068,cardio+strength,medium,4,moderate,1747.5,183.5,139.8,50.5
59,male,1.8,53,16.4,3199,cardio+strength,medium,4,moderate,2415.8,193.3,314.1,42.9
41,female,1.72,98,33.1,1755,yoga,low,2,light,1822.4,182.2,113.9,70.9
28,female,1.64,47,17.5,3858,yoga,low,4,sedentary,1732.8,130.0,194.9,48.1
39,female,1.45,90,42.8,2723,strength,low,3,sedentary,1240.3,139.5,93.0,34.5
63,female,1.88,98,27.7,3704,cardio,high,6,very active,2396.3,239.6,209.7,66.6
62,male,1.69,79,27.7,3285,cardio,high,6,very active,2158.7,215.9,188.9,60.0
46,male,1.64,96,35.7,2176,cardio+strength,medium,3,moderate,2228.0,233.9,178.2,64.4
44,male,1.94,48,12.8,3113,cardio,high,6,very active,2848.7,213.7,391.7,47.5
52,male,1.49,99,44.6,2055,cardio,high,5,very active,2374.3,237.4,207.8,66.0
44,male,1.48,93,42.5,2840,yoga,low,3,sedentary,1468.0,146.8,91.8,57.1
28,female,1.61,93,35.9,2639,yoga,low,4,sedentary,1462.3,146.2,91.4,56.9
63,female,1.58,55,22.0,3426,cardio+strength,medium,4,moderate,1645.3,131.6,172.8,47.5
16,male,1.95,89,23.4,2418,cardio+strength,high,6,very active,3508.2,280.7,368.4,101.3
56,male,1.84,50,14.8,1627,yoga,low,2,light,2190.6,164.3,246.4,60.8
30,male,1.87,64,18.3,2477,cardio,high,6,very active,3170.0,237.8,435.9,52.8
23,female,1.78,72,22.7,3404,cardio,high,5,very active,2685.0,201.4,302.1,74.6
59,female,1.83,66,19.7,3981,yoga,low,3,sedentary,1617.3,121.3,141.5,62.9
53,male,1.84,65,19.2,2774,yoga,low,2,light,2117.5,158.8,185.3,82.3
21,male,1.91,93,25.5,3124,bodyweight,low,3,sedentary,1928.5,192.9,144.6,64.3
60,male,1.49,76,34.2,1917,bodyweight,low,3,sedentary,1175.5,117.6,88.2,39.2
59,female,1.88,60,17.0,3818,yoga,low,2,light,2113.6,158.5,237.8,58.7
65,male,1.62,99,37.7,3017,cardio+strength,medium,3,moderate,2107.9,221.3,168.6,60.9
19,female,1.46,98,46.0,3507,cardio,high,6,very active,2323.0,232.3,203.3,64.5
21,female,1.93,103,27.7,2126,cardio+strength,medium,4,moderate,2553.9,268.2,204.3,73.8
42,male,1.82,79,23.8,3704,cardio+strength,high,4,moderate,2669.9,213.6,280.3,77.1
64,female,1.68,79,28.0,2820,cardio,high,6,very active,1844.3,184.4,161.4,51.2
30,male,1.59,102,40.3,2498,yoga,low,4,sedentary,1742.5,174.2,108.9,67.8
63,female,1.73,93,31.1,2877,cardio,high,6,very active,2148.3,214.8,188.0,59.7
16,female,1.88,68,19.2,3497,cardio,high,5,very active,2784.2,208.8,313.2,77.3
28,female,1.85,88,25.7,2645,cardio,high,6,very active,2493.3,249.3,218.2,69.3
53,female,1.73,69,23.1,1850,yoga,low,2,light,1849.7,138.7,161.8,71.9
30,female,1.69,75,26.3,3450,yoga,low,3,sedentary,1294.3,129.4,80.9,50.3
56,female,1.67,47,16.9,1881,cardio,high,6,very active,2150.5,161.3,295.7,35.8
33,male,1.65,76,27.9,2754,yoga,low,3,sedentary,1457.5,145.8,91.1,56.7
57,female,1.69,89,31.2,3242,yoga,low,4,sedentary,1300.3,130.0,81.3,50.6
62,female,1.63,103,38.8,2609,cardio,high,5,very active,2221.6,222.2,194.4,61.7
34,female,1.57,69,28.0,2792,strength,low,6,sedentary,1108.3,124.7,83.1,30.8
22,male,1.55,106,44.1,2632,cardio,high,6,very active,2818.5,281.9,246.6,78.3
61,female,1.94,69,18.3,2713,yoga,high,2,light,2275.2,170.6,256.0,63.2
29,female,1.54,46,19.4,3687,cardio,high,6,very active,1926.0,144.4,216.7,53.5
23,female,1.47,51,23.6,3766,yoga,low,3,sedentary,1383.3,103.7,121.0,53.8
33,male,1.77,107,34.2,1920,cardio,high,6,very active,2978.0,297.8,260.6,82.7
15,female,1.68,101,35.8,2895,cardio+strength,high,4,moderate,2327.2,244.4,186.2,67.2
26,male,1.58,106,42.5,1967,yoga,low,4,sedentary,1807.0,180.7,112.9,70.3
19,female,1.7,51,17.6,2121,yoga,low,4,sedentary,1879.8,141.0,211.5,52.2
24,female,1.49,76,34.2,1985,yoga,low,3,sedentary,1192.3,119.2,74.5,46.4
50,female,1.75,73,23.8,3640,bodyweight,low,3,sedentary,1695.3,127.1,169.5,56.5
39,female,1.9,83,23.0,3910,yoga,low,4,sedentary,1993.8,149.5,174.5,77.5
42,female,1.73,52,17.4,3997,cardio,high,5,very active,2422.2,181.7,333.1,40.4
62,male,1.92,71,19.3,2364,yoga,low,3,sedentary,1926.0,144.4,168.5,74.9
31,male,1.53,67,28.6,3760,cardio+strength,medium,4,moderate,1788.2,187.8,143.1,51.7
19,male,1.45,102,48.5,3932,yoga,low,2,light,2024.8,202.5,126.5,78.7
45,female,1.47,81,37.5,2658,cardio+strength,medium,3,moderate,1581.3,166.0,126.5,45.7
59,female,1.49,74,33.3,2583,yoga,low,2,light,1171.0,117.1,73.2,45.5
65,male,1.66,73,26.5,2110,cardio,high,5,very active,1996.9,199.7,174.7,55.5
32,male,1.49,66,29.7,2759,cardio+strength,medium,4,moderate,1726.2,181.3,138.1,49.9
53,female,1.67,104,37.3,2745,yoga,low,3,sedentary,1489.3,148.9,93.1,57.9
59,female,1.92,109,29.6,3711,strength,low,4,sedentary,1700.8,191.3,127.6,47.2
46,female,1.49,50,22.5,3269,yoga,low,3,sedentary,1248.3,93.6,109.2,48.5
62,female,1.75,48,15.7,1874,strength,low,6,sedentary,1623.3,142.0,202.9,27.1
29,male,1.95,79,20.8,3860,cardio+strength,medium,4,moderate,2896.6,231.7,304.1,83.7
17,male,1.69,101,35.4,2639,yoga,low,4,sedentary,1883.5,188.4,117.7,73.2
26,female,1.77,107,34.2,1873,yoga,low,3,sedentary,1762.3,176.2,110.1,68.5
45,female,1.65,86,31.6,1928,yoga,low,2,light,1569.7,157.0,98.1,61.0
25,female,1.66,108,39.2,2680,cardio+strength,high,5,very active,2659.3,279.2,212.7,76.8
57,female,1.86,49,14.2,3362,cardio+strength,medium,3,moderate,2170.1,173.6,282.1,38.6
20,female,1.58,59,23.6,3155,cardio+strength,high,5,very active,2271.0,181.7,238.5,65.6
47,male,1.78,104,32.8,3192,cardio,high,6,very active,2816.3,281.6,246.4,78.2
18,male,1.71,108,36.9,3310,yoga,low,2,light,2337.7,233.8,146.1,90.9
63,male,1.55,61,25.4,2679,cardio,high,5,very active,1688.6,168.9,147.8,46.9
43,female,1.51,75,32.9,2148,yoga,low,3,sedentary,1081.3,108.1,67.6,42.1
34,male,1.73,56,18.7,2420,cardio+strength,medium,3,moderate,2288.2,183.1,240.3,66.1
22,female,1.92,64,17.4,3541,strength,low,5,sedentary,2182.8,191.0,272.9,36.4
60,female,1.7,79,27.3,3201,cardio+strength,medium,4,moderate,1656.8,174.0,132.5,47.9
45,female,1.57,63,25.6,3071,cardio+strength,medium,3,moderate,1399.1,146.9,111.9,40.4
27,male,1.88,80,22.6,3199,cardio+strength,medium,4,moderate,2859.8,228.8,300.3,82.6
36,female,1.86,81,23.4,2722,cardio+strength,medium,6,moderate,2528.8,202.3,265.5,73.1
52,female,1.88,102,28.9,3706,cardio,high,5,very active,2560.2,256.0,224.0,71.1
45,female,1.62,93,35.4,3365,cardio+strength,medium,5,moderate,1912.6,200.8,153.0,55.3
35,male,1.94,75,19.9,3842,bodyweight,low,3,sedentary,2151.0,161.3,215.1,71.7
39,male,1.88,97,27.4,1678,strength,low,3,sedentary,1846.0,207.7,138.4,51.3
35,female,1.8,93,28.7,3081,bodyweight,low,3,sedentary,1562.8,156.3,117.2,52.1
57,male,1.7,49,17.0,2017,bodyweight,low,3,sedentary,1827.0,137.0,228.4,40.6
47,female,1.88,101,28.6,1908,cardio,high,5,very active,2586.0,258.6,226.3,71.8
48,female,1.46,63,29.6,3179,strength,low,5,sedentary,869.8,97.9,65.2,24.2
56,male,1.49,78,35.1,2886,cardio,high,5,very active,1977.5,197.8,173.0,54.9
54,female,1.77,87,27.8,3685,cardio+strength,medium,3,moderate,1895.1,199.0,151.6,54.7
39,female,1.76,107,34.5,3716,cardio,high,6,very active,2629.2,262.9,230.1,73.0
17,male,1.57,81,32.9,2431,yoga,low,4,sedentary,1553.5,155.4,97.1,60.4
62,male,1.67,57,20.4,1911,cardio+strength,high,5,very active,2257.6,180.6,237.0,65.2
43,male,1.8,48,14.8,1688,cardio+strength,medium,6,moderate,2462.2,197.0,320.1,43.8
35,male,1.6,92,35.9,3264,cardio+strength,medium,3,moderate,2212.5,232.3,177.0,63.9
24,male,1.72,68,23.0,2196,cardio,high,5,very active,2829.0,212.2,318.3,78.6
26,male,1.75,93,30.4,2486,yoga,low,3,sedentary,1778.5,177.9,111.2,69.2
46,male,1.57,77,31.2,3382,yoga,low,2,light,1598.6,159.9,99.9,62.2
31,male,1.9,104,28.8,2678,yoga,low,3,sedentary,1993.0,199.3,124.6,77.5
58,male,1.49,89,40.1,3906,yoga,high,3,moderate,1881.2,188.1,117.6,73.2
34,female,1.8,103,31.8,2737,yoga,medium,3,moderate,2327.2,232.7,145.4,90.5
27,female,1.88,58,16.4,2471,yoga,low,2,light,2306.1,173.0,259.4,64.1
39,female,1.74,82,27.1,1589,yoga,low,2,light,1633.3,163.3,102.1,63.5
57,female,1.59,51,20.2,3983,cardio+strength,medium,6,moderate,1639.5,131.2,172.1,47.4
62,female,1.87,81,23.2,2442,strength,low,5,sedentary,1809.3,158.3,180.9,50.3
53,female,1.56,69,28.4,2526,cardio,high,6,very active,1637.3,163.7,143.3,45.5
58,male,1.76,50,16.1,2765,cardio,high,6,very active,2568.4,192.6,353.2,42.8
65,female,1.47,91,42.1,2038,cardio,high,6,very active,1816.2,181.6,158.9,50.5
20,female,1.61,98,37.8,2219,bodyweight,low,3,sedentary,1570.3,157.0,117.8,52.3
27,male,1.84,91,26.9,3674,strength,low,4,sedentary,1816.0,204.3,136.2,50.4
47,female,1.87,77,22.0,3473,cardio,high,6,very active,2661.2,199.6,299.4,73.9
33,female,1.85,104,30.4,1808,cardio+strength,medium,3,moderate,2398.9,251.9,191.9,69.3
24,male,1.88,95,26.9,3782,strength,low,4,sedentary,1912.0,215.1,143.4,53.1
38,male,1.85,46,13.4,2583,yoga,low,3,sedentary,2017.5,151.3,227.0,56.0
49,male,1.68,78,27.6,3894,bodyweight,low,3,sedentary,1408.0,140.8,105.6,46.9
39,female,1.5,74,32.9,3431,cardio+strength,medium,5,moderate,1548.3,162.6,123.9,44.7
16,female,1.91,73,20.0,1758,cardio+strength,medium,4,moderate,2608.3,208.7,273.9,75.4
55,female,1.9,83,23.0,3172,yoga,low,2,light,2174.6,163.1,190.3,84.6
22,male,1.47,49,22.7,2746,yoga,low,2,light,1792.7,134.5,156.9,69.7
46,male,1.5,62,27.6,3091,cardio+strength,medium,5,moderate,1565.4,164.4,125.2,45.2
44,female,1.79,98,30.6,3905,cardio,high,6,very active,2463.1,246.3,215.5,68.4
62,male,1.89,57,16.0,3504,yoga,low,4,sedentary,2035.5,152.7,229.0,56.5
54,female,1.92,80,21.7,1634,cardio+strength,high,5,very active,2706.5,216.5,284.2,78.2
59,female,1.56,101,41.5,2467,cardio,high,5,very active,2137.5,213.8,187.0,59.4
38,male,1.94,92,24.4,3730,yoga,low,4,sedentary,2337.0,175.3,204.5,90.9
56,female,1.48,80,36.5,2277,yoga,low,2,light,1265.5,126.6,79.1,49.2
22,female,1.5,72,32.0,3945,cardio+strength,medium,3,moderate,1649.1,173.2,131.9,47.6
16,male,1.84,76,22.4,2015,cardio+strength,high,4,moderate,2844.2,227.5,298.6,82.2
65,male,1.48,71,32.4,3901,cardio+strength,medium,6,moderate,1538.2,161.5,123.1,44.4
28,male,1.61,63,24.3,3941,yoga,low,2,light,2064.2,154.8,180.6,80.3
15,female,1.88,63,17.8,2032,yoga,high,2,light,2457.4,184.3,276.5,68.3
49,female,1.85,59,17.2,1605,yoga,low,4,sedentary,1908.3,143.1,214.7,53.0
23,male,1.63,75,28.2,3911,yoga,low,4,sedentary,1490.5,149.1,93.2,58.0
35,male,1.54,51,21.5,2019,yoga,low,2,light,1790.9,134.3,156.7,69.6
62,female,1.71,53,18.1,3450,cardio+strength,medium,3,moderate,2048.0,163.8,266.2,36.4
43,female,1.71,58,19.8,3351,cardio,high,5,very active,2195.5,164.7,247.0,61.0
47,male,1.92,50,13.6,3635,yoga,low,3,sedentary,2064.0,154.8,232.2,57.3
34,female,1.77,48,15.3,1749,cardio,high,5,very active,2465.3,184.9,339.0,41.1
45,female,1.66,58,21.0,3508,cardio+strength,medium,5,moderate,1908.8,152.7,200.4,55.1
60,female,1.49,55,24.8,2819,yoga,low,2,light,1402.8,105.2,122.7,54.6
53,male,1.48,80,36.5,3897,cardio+strength,high,6,very active,2027.1,212.8,162.2,58.6
50,female,1.64,82,30.5,3358,cardio,high,5,very active,1973.7,197.4,172.7,54.8
47,female,1.5,59,26.2,3758,yoga,low,2,light,1055.8,105.6,66.0,41.1
61,male,1.67,74,26.5,3194,cardio+strength,high,4,moderate,1799.8,189.0,144.0,52.0
36,female,1.65,57,20.9,2780,strength,low,5,sedentary,1512.3,132.3,151.2,42.0
42,female,1.78,92,29.0,2125,bodyweight,low,3,sedentary,1493.8,149.4,112.0,49.8
58,female,1.48,55,25.1,1881,strength,low,3,sedentary,728.8,82.0,54.7,20.2
42,male,1.82,92,27.8,2032,yoga,low,3,sedentary,1723.0,172.3,107.7,67.0
50,male,1.74,87,28.7,2000,cardio+strength,high,4,moderate,2154.4,226.2,172.4,62.2
41,female,1.89,99,27.7,1710,cardio+strength,high,6,very active,2614.1,274.5,209.1,75.5
33,female,1.63,109,41.0,2371,cardio+strength,medium,3,moderate,2263.3,237.6,181.1,65.4
24,female,1.56,58,23.8,2934,cardio,high,5,very active,2197.7,164.8,247.2,61.0
50,female,1.51,80,35.1,3851,cardio,high,6,very active,1799.0,179.9,157.4,50.0
29,female,1.87,48,13.7,3994,cardio+strength,high,4,moderate,2381.3,190.5,309.6,42.3
57,female,1.46,79,37.1,2765,yoga,low,4,sedentary,1007.8,100.8,63.0,39.2
36,female,1.45,63,30.0,3819,cardio,high,6,very active,1561.8,156.2,136.7,43.4
57,female,1.48,48,21.9,1875,cardio+strength,medium,3,moderate,1486.5,118.9,156.1,42.9
62,male,1.64,103,38.3,2896,yoga,low,3,sedentary,1600.0,160.0,100.0,62.2
25,female,1.61,86,33.2,3824,strength,low,6,sedentary,1396.3,157.1,104.7,38.8
53,male,1.89,64,17.9,2144,strength,low,4,sedentary,2173.5,190.2,271.7,36.2
63,male,1.79,79,24.7,3314,cardio,high,6,very active,2757.8,206.8,310.3,76.6
57,female,1.69,101,35.4,3196,cardio+strength,high,4,moderate,2011.4,211.2,160.9,58.1
32,male,1.83,59,17.6,2913,yoga,low,3,sedentary,2194.5,164.6,246.9,61.0
42,male,1.59,107,42.3,3658,cardio,high,6,very active,2706.3,270.6,236.8,75.2
57,female,1.47,95,44.0,3954,cardio+strength,high,4,moderate,1705.3,179.1,136.4,49.3
18,male,1.55,72,30.0,2062,yoga,low,3,sedentary,1424.5,142.5,89.0,55.4
63,female,1.59,60,23.7,1531,cardio,high,6,very active,1928.1,144.6,216.9,53.6
46,female,1.54,93,39.2,3681,strength,low,5,sedentary,1301.8,146.5,97.6,36.2
60,male,1.7,90,31.1,1795,strength,low,4,sedentary,1501.0,168.9,112.6,41.7
40,male,1.67,103,36.9,1818,strength,low,6,sedentary,1754.5,197.4,131.6,48.7
35,female,1.74,98,32.4,2685,yoga,low,3,sedentary,1577.8,157.8,98.6,61.4
22,female,1.46,86,40.3,2203,strength,low,4,sedentary,1301.8,146.5,97.6,36.2
54,female,1.87,91,26.0,1860,yoga,low,4,sedentary,1477.3,147.7,92.3,57.5
42,male,1.57,96,38.9,3646,cardio+strength,medium,3,moderate,2191.2,230.1,175.3,63.3
20,female,1.89,88,24.6,2407,yoga,low,3,sedentary,2160.3,162.0,189.0,84.0
36,male,1.49,59,26.6,3673,yoga,low,2,light,1351.1,135.1,84.4,52.5
47,male,1.9,89,24.7,2938,cardio+strength,medium,3,moderate,2863.6,229.1,300.7,82.7
61,male,1.57,63,25.6,2548,yoga,low,4,sedentary,1073.5,107.4,67.1,41.7
27,male,1.75,54,17.6,2225,strength,low,5,sedentary,2104.5,184.1,263.1,35.1
64,female,1.68,102,36.1,3812,strength,low,4,sedentary,1406.8,158.3,105.5,39.1
56,female,1.88,85,24.0,2118,bodyweight,low,3,sedentary,1900.8,142.6,190.1,63.4
43,male,1.68,83,29.4,2625,cardio,high,6,very active,2380.8,238.1,208.3,66.1
52,male,1.63,54,20.3,2771,yoga,low,3,sedentary,1564.5,117.3,136.9,60.8
44,female,1.47,92,42.6,2675,yoga,low,4,sedentary,1249.3,124.9,78.1,48.6
19,male,1.76,109,35.2,3074,yoga,low,4,sedentary,2020.0,202.0,126.2,78.6
44,male,1.67,69,24.7,2816,cardio+strength,medium,4,moderate,2354.1,188.3,247.2,68.0
53,female,1.7,52,18.0,3345,yoga,low,3,sedentary,1687.8,126.6,189.9,46.9
21,female,1.94,55,14.6,3566,cardio,high,5,very active,2881.5,216.1,396.2,48.0
56,male,1.47,101,46.7,3299,yoga,low,4,sedentary,1484.5,148.5,92.8,57.7
48,male,1.63,81,30.5,3086,bodyweight,low,3,sedentary,1412.5,141.2,105.9,47.1
41,female,1.79,51,15.9,2870,strength,low,6,sedentary,1815.3,158.8,226.9,30.3
19,female,1.5,94,41.8,2663,cardio+strength,medium,6,moderate,2013.3,211.4,161.1,58.2
31,male,1.62,63,24.0,2932,strength,low,4,sedentary,1791.0,156.7,179.1,49.8
34,female,1.51,55,24.1,2768,cardio+strength,high,5,very active,2005.7,160.5,210.6,57.9
50,female,1.77,87,27.8,2023,yoga,low,3,sedentary,1378.3,137.8,86.1,53.6
57,male,1.77,99,31.6,3582,cardio,high,6,very active,2633.0,263.3,230.4,73.1
38,male,1.63,68,25.6,2377,cardio,high,6,very active,2111.2,211.1,184.7,58.6
36,female,1.55,62,25.8,2134,cardio,high,5,very active,1652.4,165.2,144.6,45.9
19,female,1.87,57,16.3,3579,cardio+strength,high,4,moderate,2598.3,207.9,337.8,46.2
64,male,1.78,61,19.3,3946,strength,low,5,sedentary,1689.0,147.8,168.9,46.9
39,male,1.53,66,28.2,3292,cardio,high,5,very active,1960.3,196.0,171.5,54.5
17,female,1.63,75,28.2,3319,cardio,high,6,very active,2126.7,212.7,186.1,59.1
54,female,1.83,102,30.5,2458,bodyweight,low,3,sedentary,1579.3,157.9,118.4,52.6
49,male,1.6,105,41.0,2294,yoga,high,3,moderate,2305.5,230.6,144.1,89.7
38,female,1.68,81,28.7,3064,yoga,low,3,sedentary,1310.8,131.1,81.9,51.0
47,female,1.93,70,18.8,3976,yoga,medium,3,moderate,2340.9,175.6,204.8,91.0
23,female,1.48,106,48.4,3020,cardio+strength,medium,4,moderate,2149.0,225.6,171.9,62.1
50,male,1.81,60,18.3,2667,cardio,high,6,very active,2863.8,214.8,393.8,47.7
20,male,1.59,110,43.5,2103,yoga,low,3,sedentary,1898.5,189.9,118.7,73.8
42,male,1.92,73,19.8,3347,yoga,low,3,sedentary,2070.0,155.2,181.1,80.5
37,male,1.66,95,34.5,3556,yoga,low,2,light,1985.3,198.5,124.1,77.2
38,male,1.64,55,20.4,3035,yoga,low,4,sedentary,1668.0,125.1,146.0,64.9
29,male,1.61,57,22.0,2873,cardio,high,5,very active,2477.5,185.8,278.7,68.8
65,male,1.52,81,35.1,3435,bodyweight,low,3,sedentary,1228.0,122.8,92.1,40.9
59,male,1.83,105,31.4,3337,cardio+strength,high,5,very active,2784.0,292.3,222.7,80.4
54,male,1.9,47,13.0,2548,yoga,low,3,sedentary,1971.0,147.8,221.7,54.8
28,male,1.72,99,33.5,1955,yoga,low,4,sedentary,1816.0,181.6,113.5,70.6
64,female,1.57,60,24.3,1695,cardio+strength,medium,4,moderate,1705.4,136.4,179.1,49.3
30,female,1.77,103,32.9,1757,cardio+strength,medium,5,moderate,2329.1,244.6,186.3,67.3
22,female,1.75,47,15.3,3610,cardio,high,6,very active,2530.0,189.8,347.9,42.2
51,male,1.81,82,25.0,3258,cardio+strength,medium,4,moderate,2136.9,224.4,171.0,61.7
15,female,1.57,98,39.8,2267,bodyweight,low,3,sedentary,1570.3,157.0,117.8,52.3
57,male,1.71,91,31.1,1777,cardio+strength,medium,4,moderate,2133.1,224.0,170.6,61.6
48,male,1.65,105,38.6,1678,cardio,high,5,very active,2684.8,268.5,234.9,74.6
55,female,1.94,77,20.5,1566,yoga,low,3,sedentary,1855.8,139.2,162.4,72.2
37,male,1.62,58,22.1,3883,cardio+strength,medium,4,moderate,2189.4,175.2,229.9,63.2
62,female,1.52,90,39.0,3736,yoga,low,3,sedentary,1154.8,115.5,72.2,44.9
36,male,1.87,104,29.7,3460,yoga,low,2,light,2296.4,229.6,143.5,89.3
55,male,1.86,53,15.3,3374,strength,low,4,sedentary,2007.0,175.6,250.9,33.5
17,female,1.55,70,29.1,1671,bodyweight,low,3,sedentary,1207.3,120.7,90.5,40.2
35,female,1.71,105,35.9,2537,bodyweight,low,3,sedentary,1639.3,163.9,122.9,54.6
17,male,1.59,51,20.2,2859,cardio+strength,high,4,moderate,2206.8,176.5,231.7,63.8
32,male,1.85,100,29.2,3138,cardio+strength,medium,4,moderate,2601.9,273.2,208.2,75.2
62,female,1.9,94,26.0,2888,yoga,low,3,sedentary,1487.8,148.8,93.0,57.9
26,female,1.8,92,28.4,3626,yoga,low,3,sedentary,1604.8,160.5,100.3,62.4
32,male,1.81,55,16.8,3263,cardio+strength,medium,4,moderate,2665.7,213.3,346.5,47.4
53,male,1.72,86,29.1,1920,cardio+strength,high,5,very active,2389.4,250.9,191.2,69.0
20,female,1.78,84,26.5,3326,cardio,high,5,very active,2417.8,241.8,211.6,67.2
53,female,1.53,101,43.1,2939,cardio,high,6,very active,2156.9,215.7,188.7,59.9
43,male,1.81,90,27.5,3281,cardio+strength,high,5,very active,2641.7,277.4,211.3,76.3
32,male,1.49,96,43.2,2988,yoga,low,4,sedentary,1583.5,158.4,99.0,61.6
47,male,1.93,63,16.9,3988,cardio,high,6,very active,3070.8,230.3,422.2,51.2
58,female,1.47,53,24.5,2466,cardio,high,5,very active,1721.1,129.1,193.6,47.8
64,female,1.63,49,18.4,3978,yoga,low,4,sedentary,1533.3,115.0,172.5,42.6
24,female,1.92,92,25.0,3318,cardio,high,6,very active,2672.3,267.2,233.8,74.2
63,male,1.74,91,30.1,3130,strength,low,5,sedentary,1525.0,171.6,114.4,42.4
35,female,1.57,59,23.9,1606,yoga,low,4,sedentary,1482.3,111.2,129.7,57.6
62,male,1.7,94,32.5,3800,cardio,high,5,very active,2428.2,242.8,212.5,67.4
22,female,1.84,102,30.1,2378,cardio,high,6,very active,2775.8,277.6,242.9,77.1
54,female,1.8,107,33.0,2319,cardio,high,5,very active,2542.9,254.3,222.5,70.6
22,male,1.88,102,28.9,2207,yoga,low,2,light,2373.8,237.4,148.4,92.3
60,female,1.95,85,22.4,2923,yoga,low,3,sedentary,1929.3,144.7,168.8,75.0
60,male,1.72,82,27.7,2728,yoga,low,3,sedentary,1420.0,142.0,88.8,55.2
25,male,1.85,110,32.1,2418,cardio+strength,medium,5,moderate,2811.2,295.2,224.9,81.2
22,male,1.85,75,21.9,3523,yoga,low,2,light,2476.7,185.8,216.7,96.3
16,female,1.73,92,30.7,3414,strength,low,5,sedentary,1612.3,181.4,120.9,44.8
50,male,1.76,56,18.1,1769,strength,low,5,sedentary,1998.0,174.8,249.8,33.3
34,female,1.95,106,27.9,3653,cardio,high,6,very active,2859.9,286.0,250.2,79.4
41,female,1.86,54,15.6,2013,cardio+strength,medium,4,moderate,2371.6,189.7,308.3,42.2
35,male,1.67,89,31.9,2025,cardio,high,6,very active,2542.5,254.2,222.5,70.6
64,male,1.83,61,18.2,3272,yoga,high,3,moderate,2530.1,189.8,284.6,70.3
47,male,1.87,64,18.3,2745,yoga,low,4,sedentary,2194.5,164.6,246.9,61.0
25,male,1.61,73,28.2,2917,cardio+strength,medium,3,moderate,2005.2,210.5,160.4,57.9
48,female,1.87,77,22.0,2304,yoga,high,3,moderate,2383.5,178.8,208.6,92.7
55,female,1.51,83,36.4,3685,cardio+strength,medium,4,moderate,1573.5,165.2,125.9,45.5
20,male,1.75,64,20.9,2201,cardio,high,5,very active,2826.8,212.0,318.0,78.5
57,female,1.87,50,14.3,1616,cardio,high,6,very active,2409.2,180.7,331.3,40.2
20,male,1.92,78,21.2,2363,strength,low,3,sedentary,2262.0,197.9,226.2,62.8
64,female,1.76,48,15.5,3539,yoga,low,4,sedentary,1618.8,121.4,182.1,45.0
55,female,1.77,83,26.5,3478,cardio,high,6,very active,2087.9,208.8,182.7,58.0
30,female,1.6,54,21.1,1745,cardio,high,6,very active,2120.0,159.0,238.5,58.9
25,female,1.66,104,37.7,2335,cardio+strength,medium,4,moderate,2276.8,239.1,182.1,65.8
36,male,1.61,85,32.8,2914,cardio+strength,medium,4,moderate,2105.9,221.1,168.5,60.8
40,male,1.83,110,32.8,3800,yoga,medium,3,moderate,2675.6,267.6,167.2,104.1
21,female,1.57,60,24.3,2595,yoga,low,4,sedentary,1578.3,118.4,138.1,61.4
43,male,1.52,51,22.1,2688,yoga,low,4,sedentary,1500.0,112.5,131.2,58.3
39,female,1.57,65,26.4,2841,cardio,high,5,very active,1699.8,170.0,148.7,47.2
51,female,1.54,65,27.4,3540,cardio+strength,medium,3,moderate,1354.6,142.2,108.4,39.1
47,female,1.7,84,29.1,3537,yoga,low,2,light,1571.4,157.1,98.2,61.1
16,male,1.92,109,29.6,3372,yoga,low,4,sedentary,2158.0,215.8,134.9,83.9
30,male,1.74,51,16.8,1707,yoga,high,3,moderate,2551.4,191.4,287.0,70.9
33,female,1.75,105,34.3,2670,bodyweight,low,3,sedentary,1681.3,168.1,126.1,56.0
49,male,1.87,100,28.6,2048,cardio,high,6,very active,2827.1,282.7,247.4,78.5
31,female,1.83,91,27.2,1685,cardio,high,5,very active,2497.6,249.8,218.5,69.4
40,male,1.74,69,22.8,2984,yoga,low,3,sedentary,1899.0,142.4,166.2,73.8
50,female,1.49,109,49.1,3344,strength,low,3,sedentary,1432.3,161.1,107.4,39.8
63,female,1.86,60,17.3,2027,cardio+strength,medium,6,moderate,2294.1,183.5,298.2,40.8
21,female,1.64,88,32.7,3784,bodyweight,low,3,sedentary,1466.8,146.7,110.0,48.9
38,male,1.55,110,45.8,3144,bodyweight,low,3,sedentary,1760.5,176.1,132.0,58.7
47,male,1.47,62,28.7,2864,yoga,low,4,sedentary,1070.5,107.1,66.9,41.6
45,female,1.52,110,47.6,2072,cardio+strength,medium,5,moderate,2079.2,218.3,166.3,60.1
35,female,1.53,83,35.5,3931,cardio+strength,medium,3,moderate,1747.9,183.5,139.8,50.5
36,female,1.8,83,25.6,3445,cardio+strength,medium,4,moderate,2001.7,210.2,160.1,57.8
16,female,1.62,59,22.5,3206,bodyweight,low,3,sedentary,1633.8,122.5,163.4,54.5
52,female,1.85,48,14.0,3944,cardio,high,6,very active,2396.3,179.7,329.5,39.9
45,female,1.93,74,19.9,1710,cardio+strength,high,4,moderate,2418.4,193.5,253.9,69.9
52,female,1.54,93,39.2,2105,yoga,low,3,sedentary,1265.8,126.6,79.1,49.2
58,male,1.47,59,27.3,2281,strength,low,3,sedentary,968.5,109.0,72.6,26.9
16,female,1.61,64,24.7,3191,cardio,high,5,very active,2424.1,181.8,272.7,67.3
59,male,1.66,105,38.1,1755,bodyweight,low,3,sedentary,1657.0,165.7,124.3,55.2
60,male,1.71,86,29.4,3459,yoga,low,3,sedentary,1460.5,146.1,91.3,56.8
48,female,1.61,67,25.8,3382,cardio,high,5,very active,1699.8,170.0,148.7,47.2
49,female,1.72,78,26.4,3998,yoga,low,3,sedentary,1238.8,123.9,77.4,48.2
45,male,1.93,80,21.5,3785,cardio,high,6,very active,3081.3,231.1,346.6,85.6
34,male,1.92,83,22.5,2683,yoga,low,4,sedentary,2238.0,167.8,195.8,87.0
60,male,1.8,107,33.0,2798,cardio,high,6,very active,2777.5,277.8,243.0,77.2
45,female,1.73,80,26.7,2678,yoga,low,3,sedentary,1294.3,129.4,80.9,50.3
22,female,1.9,95,26.3,2913,yoga,low,3,sedentary,1739.8,174.0,108.7,67.7
64,male,1.6,81,31.6,1823,cardio+strength,medium,4,moderate,1817.2,190.8,145.4,52.5
37,female,1.78,106,33.5,2376,cardio,high,5,very active,2650.7,265.1,231.9,73.6
27,female,1.92,79,21.4,2062,yoga,low,4,sedentary,2032.8,152.5,177.9,79.1
21,male,1.57,73,29.6,2453,strength,low,6,sedentary,1433.5,161.3,107.5,39.8
18,male,1.66,105,38.1,1911,cardio+strength,medium,4,moderate,2603.9,273.4,208.3,75.2
58,male,1.45,65,30.9,3166,yoga,low,3,sedentary,1025.5,102.6,64.1,39.9
56,female,1.69,70,24.5,2676,cardio+strength,high,6,very active,2268.8,181.5,238.2,65.5
35,female,1.77,56,17.9,3851,cardio+strength,medium,5,moderate,2361.9,189.0,307.0,42.0
29,male,1.91,67,18.4,3211,yoga,low,2,light,2670.2,200.3,300.4,74.2
26,male,1.95,95,25.0,3529,cardio,high,5,very active,3025.5,302.6,264.7,84.0
26,female,1.89,46,12.9,2722,cardio,high,6,very active,2629.2,197.2,361.5,43.8
51,male,1.91,87,23.8,2665,bodyweight,low,3,sedentary,2176.5,163.2,217.7,72.5
44,female,1.89,62,17.4,3565,yoga,low,4,sedentary,2004.3,150.3,225.5,55.7
44,female,1.55,59,24.6,2854,cardio,high,5,very active,2031.6,152.4,228.6,56.4
25,female,1.77,68,21.7,1557,strength,low,4,sedentary,1800.3,157.5,180.0,50.0
62,female,1.85,69,20.2,2218,yoga,low,2,light,1891.0,141.8,165.5,73.5
54,female,1.86,110,31.8,2843,yoga,high,3,moderate,2338.8,233.9,146.2,91.0
20,female,1.78,68,21.5,2075,yoga,low,4,sedentary,1837.8,137.8,160.8,71.5
45,female,1.92,45,12.2,2568,yoga,low,4,sedentary,1816.8,136.3,204.4,50.5
39,male,1.67,79,28.3,2850,cardio+strength,high,6,very active,2335.5,245.2,186.8,67.5
34,male,1.58,91,36.5,2467,cardio,high,6,very active,2488.6,248.9,217.8,69.1
18,male,1.68,65,23.0,3160,cardio,high,5,very active,2785.9,208.9,313.4,77.4
58,female,1.8,82,25.3,3005,cardio,high,6,very active,2077.2,207.7,181.8,57.7
54,male,1.56,62,25.5,3458,yoga,low,3,sedentary,1096.0,109.6,68.5,42.6
24,female,1.82,92,27.8,3203,cardio+strength,high,5,very active,2564.5,269.3,205.2,74.1
59,female,1.83,72,21.5,2513,yoga,low,4,sedentary,1689.3,126.7,147.8,65.7
58,male,1.71,91,31.1,1819,cardio,high,5,very active,2421.7,242.2,211.9,67.3
51,male,1.48,109,49.8,2328,cardio+strength,medium,3,moderate,2235.8,234.8,178.9,64.6
51,male,1.53,101,43.1,1976,cardio+strength,high,6,very active,2460.5,258.4,196.8,71.1
58,male,1.81,107,32.7,1872,cardio+strength,high,4,moderate,2470.2,259.4,197.6,71.4
47,female,1.85,103,30.1,2040,yoga,low,3,sedentary,1648.3,164.8,103.0,64.1
47,female,1.68,52,18.4,3788,cardio,high,5,very active,2325.2,174.4,319.7,38.8
44,female,1.81,95,29.0,2542,yoga,low,2,light,1837.8,183.8,114.9,71.5
15,male,1.74,50,16.5,3235,yoga,low,2,light,2386.6,179.0,268.5,66.3
37,male,1.72,52,17.6,1782,cardio,high,5,very active,2740.9,205.6,376.9,45.7
45,male,1.59,68,26.9,2054,yoga,low,4,sedentary,1244.5,124.5,77.8,48.4
64,female,1.64,93,34.6,3337,cardio+strength,medium,4,moderate,1784.7,187.4,142.8,51.6
39,female,1.49,62,27.9,2924,cardio+strength,medium,4,moderate,1352.6,142.0,108.2,39.1
22,male,1.95,95,25.0,3666,yoga,low,3,sedentary,1976.5,197.7,123.5,76.9
23,male,1.87,47,13.4,2722,strength,low,3,sedentary,2134.5,186.8,266.8,35.6
44,female,1.72,74,25.0,2513,cardio+strength,high,6,very active,1973.7,207.2,157.9,57.0
44,female,1.53,69,29.5,1962,yoga,low,4,sedentary,1018.3,101.8,63.6,39.6
17,female,1.76,47,15.2,2485,yoga,low,3,sedentary,1888.8,141.7,212.5,52.5
28,male,1.5,49,21.8,3328,strength,low,6,sedentary,1551.0,135.7,155.1,43.1
53,male,1.57,50,20.3,3147,yoga,low,3,sedentary,1465.5,109.9,128.2,57.0
43,male,1.72,52,17.6,2073,cardio,high,5,very active,2689.1,201.7,369.8,44.8
47,female,1.57,85,34.5,3865,yoga,low,2,light,1473.5,147.3,92.1,57.3
53,female,1.57,63,25.6,3635,yoga,low,2,light,1129.7,113.0,70.6,43.9
29,female,1.6,52,20.3,3780,strength,low,3,sedentary,1456.8,127.5,145.7,40.5
52,male,1.76,99,32.0,3776,cardio+strength,medium,5,moderate,2344.2,246.1,187.5,67.7
46,male,1.94,93,24.7,3648,yoga,low,3,sedentary,2301.0,172.6,201.3,89.5
35,female,1.65,83,30.5,3041,yoga,low,3,sedentary,1330.3,133.0,83.1,51.7
26,female,1.57,73,29.6,2731,cardio,high,5,very active,1949.9,195.0,170.6,54.2
60,male,1.85,52,15.2,3803,yoga,low,2,light,2199.2,164.9,247.4,61.1
41,female,1.73,62,20.7,3090,cardio+strength,medium,4,moderate,2069.6,165.6,217.3,59.8
30,female,1.55,55,22.9,3342,cardio+strength,medium,5,moderate,1872.0,149.8,196.6,54.1
38,male,1.72,69,23.3,1711,yoga,low,4,sedentary,1896.0,142.2,165.9,73.7
32,female,1.79,50,15.6,1798,cardio,high,5,very active,2538.6,190.4,349.1,42.3
27,male,1.69,87,30.5,2741,cardio,high,6,very active,2598.5,259.9,227.4,72.2
15,male,1.92,60,16.3,3461,cardio+strength,medium,5,moderate,2981.5,238.5,387.6,53.0
30,male,1.65,75,27.5,3761,bodyweight,low,3,sedentary,1463.5,146.3,109.8,48.8
35,female,1.64,90,33.5,2763,yoga,low,3,sedentary,1406.8,140.7,87.9,54.7
31,female,1.71,108,36.9,3408,cardio,high,5,very active,2661.5,266.2,232.9,73.9
21,female,1.83,85,25.4,2332,cardio,high,5,very active,2480.4,248.0,217.0,68.9
38,female,1.66,73,26.5,2097,yoga,low,4,sedentary,1199.8,120.0,75.0,46.7
16,female,1.73,98,32.7,2709,strength,low,4,sedentary,1684.3,189.5,126.3,46.8
24,male,1.61,93,35.9,3833,cardio,high,6,very active,2641.7,264.2,231.1,73.4
30,female,1.73,88,29.4,2554,cardio,high,5,very active,2346.7,234.7,205.3,65.2
63,female,1.93,107,28.7,3387,strength,low,5,sedentary,1660.3,186.8,124.5,46.1
25,female,1.53,107,45.7,2253,cardio+strength,high,5,very active,2501.9,262.7,200.2,72.3
49,male,1.71,54,18.5,1698,yoga,low,4,sedentary,1642.5,123.2,143.7,63.9
63,male,1.66,74,26.9,1778,cardio,high,6,very active,2031.4,203.1,177.7,56.4
60,male,1.45,109,51.8,3367,cardio,high,6,very active,2434.7,243.5,213.0,67.6
38,male,1.76,106,34.2,3498,cardio+strength,high,4,moderate,2561.2,268.9,204.9,74.0
16,male,1.72,97,32.8,1548,strength,low,6,sedentary,1864.0,209.7,139.8,51.8
16,female,1.72,81,27.4,1570,cardio+strength,medium,4,moderate,2048.2,215.1,163.9,59.2
47,female,1.85,67,19.6,1938,yoga,low,3,sedentary,1716.3,128.7,150.2,66.7
21,male,1.57,77,31.2,2951,strength,low,4,sedentary,1481.5,166.7,111.1,41.2
32,female,1.49,96,43.2,3380,cardio,high,6,very active,2208.7,220.9,193.3,61.4
51,male,1.95,73,19.2,2728,cardio,high,5,very active,2930.3,219.8,329.7,81.4
58,male,1.78,49,15.5,1882,cardio+strength,medium,4,moderate,2342.1,187.4,304.5,41.6
40,female,1.64,105,39.0,1729,bodyweight,low,3,sedentary,1556.8,155.7,116.8,51.9
55,male,1.8,55,17.0,3547,cardio,high,5,very active,2723.6,204.3,374.5,45.4
42,female,1.73,57,19.0,3663,strength,low,5,sedentary,1536.3,134.4,153.6,42.7
17,male,1.56,105,43.1,2610,strength,low,6,sedentary,1834.0,206.3,137.5,50.9
17,male,1.79,80,25.0,3724,yoga,low,3,sedentary,1706.5,170.7,106.7,66.4
51,male,1.54,85,35.8,1564,strength,low,3,sedentary,1375.0,154.7,103.1,38.2
28,male,1.83,95,28.4,1815,cardio+strength,high,6,very active,2878.8,302.3,230.3,83.2
34,male,1.73,94,31.4,3714,cardio+strength,medium,4,moderate,2377.2,249.6,190.2,68.7
36,female,1.83,62,18.5,1821,yoga,low,4,sedentary,1707.3,128.0,149.4,66.4
47,female,1.48,100,45.7,2450,yoga,low,2,light,1602.4,160.2,100.2,62.3
19,female,1.75,95,31.0,2836,cardio+strength,high,5,very active,2583.9,271.3,206.7,74.6
16,female,1.84,102,30.1,3509,cardio+strength,high,5,very active,2827.5,296.9,226.2,81.7
29,female,1.73,93,31.1,3268,cardio,high,5,very active,2441.6,244.2,213.6,67.8
26,female,1.49,82,36.9,2509,cardio,high,5,very active,2018.9,201.9,176.7,56.1
60,male,1.49,64,28.8,3056,yoga,low,3,sedentary,1031.5,103.2,64.5,40.1
60,male,1.82,85,25.7,2977,yoga,medium,2,light,1827.2,182.7,114.2,71.1
21,male,1.45,84,40.0,3321,cardio,high,5,very active,2339.8,234.0,204.7,65.0
38,female,1.5,56,24.9,2267,yoga,low,2,light,1576.4,118.2,137.9,61.3
42,female,1.73,110,36.8,3171,strength,low,3,sedentary,1672.3,188.1,125.4,46.5
21,male,1.49,56,25.2,3945,bodyweight,low,3,sedentary,1169.5,117.0,87.7,39.0
53,female,1.88,46,13.0,2695,cardio,high,5,very active,2385.5,178.9,328.0,39.8
41,female,1.84,76,22.4,3842,cardio+strength,medium,5,moderate,2393.2,191.5,251.3,69.1
48,male,1.79,66,20.6,2068,cardio,high,5,very active,2663.0,199.7,299.6,74.0
32,female,1.58,63,25.2,1759,cardio+strength,high,6,very active,1736.5,182.3,138.9,50.2
25,female,1.59,83,32.8,3483,cardio+strength,high,5,very active,2152.6,226.0,172.2,62.2
65,male,1.63,76,28.6,3530,cardio+strength,medium,3,moderate,1761.1,184.9,140.9,50.9
53,male,1.68,62,22.0,2747,bodyweight,low,3,sedentary,1692.0,126.9,169.2,56.4
15,female,1.62,93,35.4,2849,yoga,low,4,sedentary,1547.8,154.8,96.7,60.2
43,female,1.67,62,22.2,2730,strength,low,5,sedentary,1545.3,135.2,154.5,42.9
35,male,1.69,67,23.5,3131,strength,low,3,sedentary,1867.5,163.4,186.8,51.9
35,female,1.82,107,32.3,3858,yoga,low,4,sedentary,1745.8,174.6,109.1,67.9
65,male,1.61,80,30.9,3109,yoga,low,2,light,1543.6,154.4,96.5,60.0
38,male,1.92,70,19.0,3925,cardio+strength,medium,3,moderate,2658.2,212.7,279.1,76.8
49,male,1.79,48,15.0,3390,yoga,low,4,sedentary,1930.5,144.8,217.2,53.6
60,male,1.67,82,29.4,1783,cardio+strength,medium,3,moderate,1931.6,202.8,154.5,55.8
65,female,1.79,62,19.4,2740,cardio,high,6,very active,2161.0,162.1,243.1,60.0
30,female,1.78,99,31.2,3044,yoga,low,2,light,1963.3,196.3,122.7,76.4
19,female,1.95,106,27.9,3884,cardio+strength,medium,5,moderate,2635.3,276.7,210.8,76.1
40,female,1.72,91,30.8,3699,yoga,high,3,moderate,2017.2,201.7,126.1,78.4
53,male,1.5,76,33.8,2954,yoga,low,3,sedentary,1225.0,122.5,76.6,47.6
25,male,1.73,96,32.1,2858,yoga,low,4,sedentary,1805.5,180.6,112.8,70.2
65,female,1.5,57,25.3,2559,cardio+strength,medium,4,moderate,1083.3,113.7,86.7,31.3
29,male,1.67,95,34.1,3396,cardio+strength,high,5,very active,2697.7,283.3,215.8,77.9
64,male,1.62,48,18.3,3477,cardio+strength,medium,5,moderate,2125.1,170.0,276.3,37.8
21,female,1.66,55,20.0,1975,bodyweight,low,3,sedentary,1585.8,118.9,158.6,52.9
61,male,1.62,88,33.5,3365,cardio,high,5,very active,2247.1,224.7,196.6,62.4
65,male,1.71,89,30.4,3450,cardio+strength,medium,4,moderate,2040.1,214.2,163.2,58.9
21,female,1.81,102,31.1,2806,cardio+strength,high,6,very active,2752.1,289.0,220.2,79.5
19,female,1.47,59,27.3,1592,cardio,high,6,very active,1661.0,166.1,145.3,46.1
36,male,1.79,66,20.6,2499,yoga,low,2,light,2205.2,165.4,193.0,85.8
48,male,1.73,87,29.1,3793,cardio+strength,high,5,very active,2460.5,258.4,196.8,71.1
42,female,1.57,96,38.9,2255,yoga,low,4,sedentary,1384.3,138.4,86.5,53.8
26,female,1.65,70,25.7,3341,yoga,high,2,light,1480.3,148.0,92.5,57.6
52,female,1.64,72,26.8,2342,strength,low,3,sedentary,1088.8,122.5,81.7,30.2
32,male,1.74,68,22.5,2998,yoga,low,3,sedentary,1935.0,145.1,169.3,75.2
35,male,1.68,78,27.6,3504,cardio+strength,medium,3,moderate,2073.0,217.7,165.8,59.9
48,female,1.75,95,31.0,3904,cardio,high,6,very active,2333.7,233.4,204.2,64.8
22,female,1.63,103,38.8,2206,cardio,high,5,very active,2566.6,256.7,224.6,71.3
58,female,1.91,55,15.1,2048,yoga,low,4,sedentary,1851.3,138.8,208.3,51.4
35,male,1.57,59,23.9,2249,cardio,high,6,very active,2417.2,181.3,271.9,67.1
38,male,1.71,98,33.5,3942,yoga,low,4,sedentary,1736.5,173.7,108.5,67.5
23,female,1.66,107,38.8,3701,bodyweight,low,3,sedentary,1697.8,169.8,127.3,56.6
59,male,1.73,107,35.8,2683,cardio,high,6,very active,2710.7,271.1,237.2,75.3
23,male,1.61,102,39.4,1719,cardio+strength,medium,3,moderate,2470.2,259.4,197.6,71.4
37,male,1.69,69,24.2,3072,cardio+strength,high,4,moderate,2427.7,194.2,254.9,70.1
50,female,1.65,107,39.3,3202,yoga,low,4,sedentary,1528.3,152.8,95.5,59.4
60,female,1.69,55,19.3,3815,yoga,low,4,sedentary,1374.3,103.1,120.3,53.4
16,male,1.6,80,31.2,2420,cardio,high,6,very active,2475.6,247.6,216.6,68.8
49,female,1.53,103,44.0,3816,bodyweight,low,3,sedentary,1396.3,139.6,104.7,46.5
62,female,1.72,59,19.9,3845,bodyweight,low,3,sedentary,1432.8,107.5,143.3,47.8
22,female,1.84,91,26.9,3720,yoga,low,3,sedentary,1646.8,164.7,102.9,64.0
63,male,1.83,101,30.2,3737,strength,low,3,sedentary,1712.5,192.7,128.4,47.6
28,female,1.5,76,33.8,2719,cardio+strength,medium,5,moderate,1664.6,174.8,133.2,48.1
17,female,1.58,56,22.4,3298,yoga,low,4,sedentary,1561.8,117.1,136.7,60.7
22,male,1.55,89,37.0,3999,cardio+strength,medium,4,moderate,2218.3,232.9,177.5,64.1
55,female,1.53,62,26.5,2346,cardio+strength,medium,3,moderate,1267.4,133.1,101.4,36.6
28,male,1.74,80,26.4,3944,strength,low,4,sedentary,1603.0,180.3,120.2,44.5
49,male,1.61,82,31.6,2685,strength,low,3,sedentary,1403.5,157.9,105.3,39.0
51,female,1.93,110,29.5,1890,cardio+strength,medium,6,moderate,2429.9,255.1,194.4,70.2
23,female,1.91,80,21.9,2019,cardio,high,5,very active,2963.1,222.2,333.3,82.3
59,male,1.57,86,34.9,2513,cardio,high,5,very active,2175.9,217.6,190.4,60.4
63,female,1.69,79,27.7,3196,yoga,low,4,sedentary,1144.3,114.4,71.5,44.5
39,female,1.49,56,25.2,3150,bodyweight,low,3,sedentary,862.3,86.2,64.7,28.7
47,female,1.8,92,28.4,3362,bodyweight,low,3,sedentary,1478.8,147.9,110.9,49.3
46,female,1.74,56,18.5,3377,cardio+strength,medium,6,moderate,1947.6,155.8,204.5,56.3
55,female,1.88,95,26.9,2392,strength,low,6,sedentary,1526.8,171.8,114.5,42.4
42,male,1.7,86,29.8,2661,cardio+strength,medium,5,moderate,2162.1,227.0,173.0,62.5
36,male,1.73,107,35.8,2907,cardio+strength,medium,3,moderate,2563.2,269.1,205.1,74.0
58,male,1.47,103,47.7,1566,cardio,high,6,very active,2370.0,237.0,207.4,65.8
22,male,1.67,45,16.1,3252,yoga,low,3,sedentary,1966.5,147.5,221.2,54.6
27,male,1.89,83,23.2,2151,cardio,high,6,very active,3245.2,243.4,365.1,90.1
32,male,1.78,77,24.3,1837,yoga,low,3,sedentary,2073.0,155.5,181.4,80.6
38,male,1.48,84,38.3,2459,cardio,high,5,very active,2225.5,222.6,194.7,61.8
42,male,1.8,45,13.9,2374,yoga,low,4,sedentary,1944.0,145.8,218.7,54.0
45,male,1.52,73,31.6,3627,cardio+strength,medium,6,moderate,1763.0,185.1,141.0,50.9
58,female,1.45,88,41.9,1993,cardio+strength,medium,4,moderate,1569.6,164.8,125.6,45.3
42,male,1.69,74,25.9,3069,cardio+strength,high,5,very active,2244.9,235.7,179.6,64.9
20,male,1.5,92,40.9,2725,cardio+strength,medium,5,moderate,2231.9,234.3,178.6,64.5
23,female,1.84,62,18.3,2085,cardio+strength,medium,4,moderate,2615.7,209.3,340.0,46.5
19,male,1.76,66,21.3,3302,yoga,low,3,sedentary,2004.0,150.3,175.4,77.9
37,male,1.76,64,20.7,3186,strength,low,4,sedentary,1872.0,163.8,187.2,52.0
54,female,1.88,56,15.8,1911,cardio,high,6,very active,2549.4,191.2,350.5,42.5
23,male,1.74,94,31.0,2939,cardio,high,5,very active,2807.7,280.8,245.7,78.0
42,female,1.85,76,22.2,2634,cardio+strength,medium,5,moderate,2395.1,191.6,251.5,69.2
56,male,1.57,81,32.9,1609,cardio,high,6,very active,2115.5,211.6,185.1,58.8
57,female,1.55,110,45.8,2272,cardio+strength,medium,5,moderate,2015.3,211.6,161.2,58.2
62,female,1.6,51,19.9,2480,cardio+strength,medium,4,moderate,1610.5,128.8,169.1,46.5
46,female,1.51,108,47.4,3932,yoga,low,2,light,1745.0,174.5,109.1,67.9
19,male,1.94,85,22.6,2040,yoga,low,4,sedentary,2367.0,177.5,207.1,92.0
39,female,1.63,67,25.2,3429,strength,low,6,sedentary,1099.3,123.7,82.4,30.5
64,male,1.46,53,24.9,1556,strength,low,5,sedentary,1353.0,118.4,135.3,37.6
31,male,1.47,52,24.1,3130,bodyweight,low,3,sedentary,1546.5,116.0,154.7,51.5
47,female,1.76,109,35.2,3201,cardio+strength,medium,4,moderate,2280.7,239.5,182.5,65.9
42,female,1.49,64,28.8,2636,cardio+strength,high,5,very active,1570.4,164.9,125.6,45.4
20,female,1.49,71,32.0,2136,cardio+strength,high,6,very active,1880.9,197.5,150.5,54.3
49,female,1.65,53,19.5,2770,cardio+strength,medium,4,moderate,1790.6,143.2,188.0,51.7
59,female,1.81,75,22.9,1737,cardio+strength,high,4,moderate,2209.1,176.7,232.0,63.8
30,male,1.91,59,16.2,3357,bodyweight,low,3,sedentary,2266.5,170.0,283.3,50.4
54,male,1.6,67,26.2,1989,yoga,low,4,sedentary,1186.0,118.6,74.1,46.1
15,male,1.8,65,20.1,3533,yoga,low,3,sedentary,2046.0,153.4,179.0,79.6
37,female,1.53,61,26.1,2600,cardio+strength,medium,4,moderate,1391.4,146.1,111.3,40.2
61,male,1.84,48,14.2,2872,yoga,low,2,light,2128.8,159.7,239.5,59.1
42,female,1.71,78,26.7,3861,cardio,high,6,very active,2049.1,204.9,179.3,56.9
55,male,1.7,110,38.1,2975,cardio,high,6,very active,2764.6,276.5,241.9,76.8
18,female,1.88,66,18.7,3006,yoga,low,2,light,2178.0,163.3,190.6,84.7
25,female,1.84,59,17.4,2435,yoga,low,3,sedentary,2044.8,153.4,230.0,56.8
62,male,1.47,46,21.3,2501,yoga,low,3,sedentary,1288.5,96.6,112.7,50.1
17,female,1.63,64,24.1,2233,yoga,low,3,sedentary,1695.3,127.1,148.3,65.9
17,female,1.56,76,31.2,3204,strength,low,5,sedentary,1286.8,144.8,96.5,35.7
61,female,1.59,54,21.4,3841,cardio,high,5,very active,1841.9,138.1,207.2,51.2
38,male,1.7,51,17.6,2234,yoga,low,4,sedentary,1965.0,147.4,221.1,54.6
29,male,1.93,53,14.2,3405,yoga,low,4,sedentary,2215.5,166.2,249.2,61.5
33,female,1.61,103,39.7,1532,cardio+strength,high,5,very active,2450.2,257.3,196.0,70.8
38,male,1.6,83,32.4,2493,cardio+strength,medium,4,moderate,2049.8,215.2,164.0,59.2
44,female,1.75,108,35.3,2300,cardio+strength,high,4,moderate,2278.8,239.3,182.3,65.8
61,male,1.53,97,41.4,1597,cardio+strength,medium,4,moderate,2020.7,212.2,161.7,58.4
29,female,1.77,46,14.7,2872,strength,low,4,sedentary,1812.3,158.6,226.5,30.2
15,female,1.87,84,24.0,1925,strength,low,4,sedentary,2127.3,186.1,212.7,59.1
28,male,1.66,52,18.9,2083,cardio,high,5,very active,2453.8,184.0,276.1,68.2
60,female,1.5,74,32.9,3628,cardio,high,6,very active,1598.5,159.9,139.9,44.4
41,female,1.68,55,19.5,3878,yoga,low,3,sedentary,1480.8,111.1,129.6,57.6
21,male,1.77,95,30.3,1806,yoga,low,2,light,2189.8,219.0,136.9,85.2
52,male,1.67,61,21.9,2469,cardio+strength,medium,3,moderate,2168.1,173.4,227.7,62.6
33,female,1.88,95,26.9,2836,cardio+strength,medium,3,moderate,2288.5,240.3,183.1,66.1
35,female,1.59,54,21.4,2330,yoga,low,4,sedentary,1437.3,107.8,125.8,55.9
23,male,1.53,66,28.2,3341,yoga,low,4,sedentary,1307.5,130.8,81.7,50.8
44,female,1.65,90,33.1,2350,strength,low,6,sedentary,1360.3,153.0,102.0,37.8
43,female,1.68,60,21.3,1870,cardio+strength,high,6,very active,2197.7,175.8,230.8,63.5
25,female,1.86,50,14.5,2380,yoga,low,3,sedentary,1951.8,146.4,219.6,54.2
35,male,1.5,76,33.8,2957,yoga,low,4,sedentary,1333.0,133.3,83.3,51.8
40,male,1.79,78,24.3,2212,yoga,low,2,light,2342.7,175.7,205.0,91.1
16,female,1.88,76,21.5,1887,cardio,high,6,very active,2922.2,219.2,328.7,81.2
44,male,1.85,62,18.1,1997,yoga,low,3,sedentary,2173.5,163.0,244.5,60.4
15,male,1.87,73,20.9,2035,yoga,low,4,sedentary,2194.5,164.6,192.0,85.3
27,female,1.64,55,20.4,3885,yoga,low,4,sedentary,1534.8,115.1,134.3,59.7
52,female,1.91,54,14.8,1589,yoga,low,2,light,2105.0,157.9,236.8,58.5
19,male,1.9,101,28.0,2027,cardio+strength,medium,3,moderate,2766.6,290.5,221.3,79.9
20,female,1.51,104,45.6,1707,cardio+strength,medium,5,moderate,2170.3,227.9,173.6,62.7
25,female,1.86,95,27.5,3532,yoga,low,3,sedentary,1691.8,169.2,105.7,65.8
16,female,1.79,67,20.9,2949,cardio,high,6,very active,2669.9,200.2,300.4,74.2
28,male,1.59,102,40.3,2108,yoga,low,3,sedentary,1754.5,175.5,109.7,68.2
17,male,1.77,108,34.5,3187,yoga,high,3,moderate,2764.7,276.5,172.8,107.5
50,female,1.48,80,36.5,3068,cardio,high,5,very active,1766.7,176.7,154.6,49.1
23,female,1.55,76,31.6,3726,cardio+strength,medium,5,moderate,1751.8,183.9,140.1,50.6
65,male,1.94,90,23.9,3464,cardio,high,6,very active,3092.1,231.9,347.9,85.9
49,female,1.62,109,41.5,2817,cardio+strength,medium,4,moderate,2129.6,223.6,170.4,61.5
39,female,1.54,85,35.8,3945,yoga,low,4,sedentary,1247.8,124.8,78.0,48.5
29,male,1.9,80,22.2,1739,yoga,low,2,light,2540.3,190.5,222.3,98.8
45,female,1.83,74,22.1,2153,yoga,low,4,sedentary,1797.3,134.8,157.3,69.9
21,male,1.78,79,24.9,3685,cardio,high,5,very active,3109.3,233.2,349.8,86.4
65,male,1.83,73,21.8,3858,cardio+strength,medium,5,moderate,2408.3,192.7,252.9,69.6
39,female,1.92,67,18.2,2221,yoga,low,4,sedentary,2116.8,158.8,238.1,58.8
30,female,1.85,90,26.3,3923,yoga,low,3,sedentary,1594.3,159.4,99.6,62.0
16,female,1.92,63,17.1,3806,cardio,high,6,very active,3041.0,228.1,418.1,50.7
27,female,1.72,67,22.6,3508,cardio+strength,medium,3,moderate,2246.0,179.7,235.8,64.9
17,male,1.48,73,33.3,1581,cardio+strength,medium,3,moderate,1941.2,203.8,155.3,56.1
48,female,1.45,70,33.3,2034,strength,low,3,sedentary,946.3,106.5,71.0,26.3
36,male,1.91,86,23.6,1743,cardio+strength,medium,4,moderate,2912.1,233.0,305.8,84.1
16,male,1.74,63,20.8,1954,yoga,medium,3,moderate,2545.9,190.9,222.8,99.0
48,female,1.93,92,24.7,3120,strength,low,6,sedentary,2070.3,181.2,207.0,57.5
52,male,1.62,86,32.8,2058,cardio,high,5,very active,2290.2,229.0,200.4,63.6
25,female,1.85,107,31.3,2799,yoga,low,4,sedentary,1828.3,182.8,114.3,71.1
26,female,1.56,67,27.5,3049,cardio,high,5,very active,1835.7,183.6,160.6,51.0
34,female,1.51,45,19.7,3846,cardio+strength,high,5,very active,1833.2,146.7,192.5,53.0
40,male,1.54,85,35.8,2404,yoga,low,4,sedentary,1441.0,144.1,90.1,56.0
55,male,1.92,63,17.1,2856,cardio,high,5,very active,2991.0,224.3,411.3,49.9
62,male,1.57,85,34.5,2187,cardio+strength,medium,5,moderate,1865.7,195.9,149.3,53.9
55,male,1.86,87,25.1,3329,cardio+strength,medium,3,moderate,2231.9,234.3,178.6,64.5
15,female,1.55,53,22.1,2935,cardio,high,5,very active,2178.2,163.4,245.0,60.5
31,male,1.81,51,15.6,3080,cardio+strength,high,5,very active,2872.4,229.8,373.4,51.1
43,female,1.93,97,26.0,3519,cardio+strength,medium,3,moderate,2290.4,240.5,183.2,66.2
39,female,1.72,57,19.3,3463,cardio+strength,medium,5,moderate,1998.0,159.8,209.8,57.7
65,male,1.53,54,23.1,1636,yoga,low,3,sedentary,1411.5,105.9,123.5,54.9
33,male,1.61,58,22.4,1803,cardio+strength,medium,3,moderate,2210.7,176.9,232.1,63.9
36,male,1.89,65,18.2,1807,yoga,low,3,sedentary,2287.5,171.6,257.3,63.5
50,male,1.62,106,40.4,1626,cardio,high,5,very active,2652.4,265.2,232.1,73.7
42,male,1.75,100,32.7,2143,cardio,high,5,very active,2758.1,275.8,241.3,76.6
18,male,1.62,69,26.3,3176,cardio,high,5,very active,2290.2,229.0,200.4,63.6
59,female,1.78,83,26.2,2472,bodyweight,low,3,sedentary,1283.8,128.4,96.3,42.8
21,male,1.65,107,39.3,2129,yoga,low,2,light,2251.7,225.2,140.7,87.6
18,female,1.45,56,26.6,2706,cardio,high,5,very active,1596.3,159.6,139.7,44.3
57,female,1.55,48,20.0,2347,yoga,low,2,light,1378.8,103.4,120.6,53.6
25,female,1.94,105,27.9,1973,cardio,high,5,very active,2909.5,290.9,254.6,80.8
34,female,1.69,78,27.3,1873,yoga,low,2,light,1569.7,157.0,98.1,61.0
56,female,1.54,93,39.2,3013,yoga,low,3,sedentary,1241.8,124.2,77.6,48.3
26,female,1.47,101,46.7,3404,bodyweight,low,3,sedentary,1465.3,146.5,109.9,48.8
31,male,1.87,52,14.9,2119,yoga,low,4,sedentary,2146.5,161.0,241.5,59.6
63,male,1.49,89,40.1,3717,strength,low,5,sedentary,1313.5,147.8,98.5,36.5
41,male,1.73,94,31.4,3640,cardio+strength,medium,4,moderate,2322.9,243.9,185.8,67.1
41,female,1.74,75,24.8,3450,yoga,low,2,light,2023.3,151.7,177.0,78.7
34,male,1.65,49,18.0,3556,cardio+strength,medium,5,moderate,2402.2,192.2,312.3,42.7
51,male,1.51,102,44.7,2208,yoga,low,3,sedentary,1556.5,155.7,97.3,60.5
25,male,1.85,61,17.8,1674,yoga,low,3,sedentary,2275.5,170.7,256.0,63.2
42,male,1.94,100,26.6,2327,bodyweight,low,3,sedentary,1909.0,190.9,143.2,63.6
55,male,1.87,78,22.3,2809,strength,low,3,sedentary,2014.5,176.3,201.5,56.0
61,male,1.49,95,42.8,3761,cardio,high,5,very active,2227.7,222.8,194.9,61.9
35,female,1.71,46,15.7,3906,yoga,low,4,sedentary,1731.3,129.8,194.8,48.1
48,female,1.51,64,28.1,2107,cardio,high,5,very active,1540.2,154.0,134.8,42.8
51,male,1.91,57,15.6,2671,yoga,low,4,sedentary,2116.5,158.7,238.1,58.8
49,female,1.89,78,21.8,3068,cardio+strength,medium,3,moderate,2410.6,192.8,253.1,69.6
56,female,1.74,105,34.7,1653,cardio,high,6,very active,2426.5,242.7,212.3,67.4
26,female,1.65,96,35.3,1658,yoga,low,2,light,1837.8,183.8,114.9,71.5
40,female,1.8,51,15.7,3446,cardio,high,6,very active,2497.7,187.3,343.4,41.6
32,female,1.46,83,38.9,2773,strength,low,5,sedentary,1205.8,135.7,90.4,33.5
32,female,1.88,57,16.1,2433,cardio+strength,medium,4,moderate,2507.2,200.6,325.9,44.6
23,female,1.94,101,26.8,2814,cardio+strength,medium,5,moderate,2517.1,264.3,201.4,72.7
32,female,1.75,56,18.3,2269,strength,low,3,sedentary,1899.3,166.2,237.4,31.7
43,male,1.91,97,26.6,3484,cardio+strength,medium,4,moderate,2528.3,265.5,202.3,73.0
63,female,1.86,110,31.8,2151,cardio,high,6,very active,2581.7,258.2,225.9,71.7
19,female,1.8,96,29.6,2055,yoga,low,4,sedentary,1694.8,169.5,105.9,65.9
64,male,1.54,70,29.5,1736,yoga,low,3,sedentary,1117.0,111.7,69.8,43.4
30,male,1.68,91,32.2,2315,cardio+strength,medium,5,moderate,2313.2,242.9,185.1,66.8
32,female,1.86,109,31.5,3125,strength,low,3,sedentary,1817.8,204.5,136.3,50.5
55,male,1.79,75,23.4,3025,cardio,high,6,very active,2757.8,206.8,310.3,76.6
46,female,1.54,105,44.3,3903,yoga,low,4,sedentary,1445.8,144.6,90.4,56.2
50,female,1.62,78,29.7,1870,cardio,high,5,very active,1883.1,188.3,164.8,52.3
33,male,1.64,65,24.2,3843,yoga,low,4,sedentary,1818.0,136.3,159.1,70.7
64,male,1.88,73,20.7,2346,yoga,low,3,sedentary,1908.0,143.1,167.0,74.2
32,female,1.71,46,15.7,3441,bodyweight,low,3,sedentary,1749.3,131.2,218.7,38.9
23,male,1.75,46,15.0,2416,bodyweight,low,3,sedentary,2032.5,152.4,254.1,45.2
31,female,1.81,80,24.4,3235,strength,low,4,sedentary,1938.3,169.6,193.8,53.8
39,female,1.68,72,25.5,3411,cardio+strength,medium,6,moderate,1691.7,177.6,135.3,48.9
34,female,1.74,45,14.9,3595,yoga,low,4,sedentary,1747.8,131.1,196.6,48.5
57,female,1.73,81,27.1,2722,cardio+strength,medium,4,moderate,1740.1,182.7,139.2,50.3
58,male,1.69,88,30.8,2632,cardio,high,5,very active,2348.4,234.8,205.5,65.2
55,female,1.88,78,22.1,2723,cardio+strength,medium,6,moderate,2354.5,188.4,247.2,68.0
27,male,1.71,75,25.6,1732,yoga,low,2,light,1822.0,182.2,113.9,70.9
53,female,1.78,62,19.6,1604,yoga,low,2,light,1796.4,134.7,157.2,69.9
56,female,1.95,78,20.5,3214,cardio,high,5,very active,2687.1,201.5,302.3,74.6
40,female,1.82,69,20.8,2905,cardio+strength,high,6,very active,2529.7,202.4,265.6,73.1
61,male,1.79,105,32.8,2968,cardio,high,5,very active,2723.6,272.4,238.3,75.7
47,female,1.87,68,19.4,2703,cardio,high,5,very active,2506.0,187.9,281.9,69.6
21,female,1.51,78,34.2,3789,cardio+strength,medium,3,moderate,1759.5,184.7,140.8,50.8
63,male,1.92,87,23.6,1865,cardio+strength,medium,3,moderate,2728.0,218.2,286.4,78.8
29,female,1.56,84,34.5,3222,cardio,high,6,very active,2103.0,210.3,184.0,58.4
65,female,1.64,82,30.5,3399,yoga,low,2,light,1368.6,136.9,85.5,53.2
22,female,1.48,54,24.7,3434,yoga,low,4,sedentary,1432.8,107.5,125.4,55.7
27,male,1.88,93,26.3,3670,strength,low,5,sedentary,1870.0,210.4,140.2,51.9
34,female,1.48,64,29.2,2062,cardio+strength,high,5,very active,1628.7,171.0,130.3,47.1
27,female,1.65,103,37.8,2086,yoga,low,2,light,1927.2,192.7,120.5,74.9
35,male,1.84,107,31.6,2862,cardio+strength,medium,3,moderate,2677.5,281.1,214.2,77.3
55,male,1.61,52,20.1,1519,cardio+strength,medium,4,moderate,1947.2,155.8,204.5,56.3
43,female,1.55,66,27.5,3860,cardio,high,6,very active,1661.0,166.1,145.3,46.1
63,male,1.69,56,19.6,2030,cardio,high,6,very active,2253.3,169.0,253.5,62.6
54,female,1.77,96,30.6,3257,strength,low,5,sedentary,1462.3,164.5,109.7,40.6
45,female,1.45,70,33.3,3028,strength,low,5,sedentary,964.3,108.5,72.3,26.8
15,female,1.83,69,20.6,1573,cardio+strength,medium,4,moderate,2476.5,198.1,260.0,71.5
58,male,1.76,76,24.5,2426,cardio,high,5,very active,2716.9,203.8,305.7,75.5
59,female,1.61,58,22.4,3071,cardio,high,6,very active,1949.7,146.2,219.3,54.2
47,female,1.53,50,21.4,2721,cardio,high,5,very active,1828.9,137.2,205.8,50.8
33,female,1.81,88,26.9,3276,yoga,low,2,light,1817.2,181.7,113.6,70.7
58,male,1.62,107,40.8,2971,cardio+strength,medium,4,moderate,2286.1,240.0,182.9,66.0
63,male,1.53,96,41.0,1578,yoga,low,2,light,1708.6,170.9,106.8,66.4
29,male,1.81,61,18.6,2365,cardio+strength,medium,4,moderate,2481.9,198.6,260.6,71.7
61,male,1.74,66,21.8,2004,cardio,high,5,very active,2496.9,187.3,280.9,69.4
38,male,1.64,77,28.6,3690,cardio,high,5,very active,2277.2,227.7,199.3,63.3
54,male,1.75,51,16.7,1942,cardio+strength,medium,4,moderate,2375.1,190.0,308.8,42.2
56,male,1.47,59,27.3,3207,bodyweight,low,3,sedentary,980.5,98.1,73.5,32.7
43,female,1.51,77,33.8,3443,cardio,high,5,very active,1807.6,180.8,158.2,50.2
59,male,1.55,46,19.1,2733,yoga,low,2,light,1565.8,117.4,137.0,60.9
41,male,1.78,79,24.9,3980,bodyweight,low,3,sedentary,2043.0,153.2,204.3,68.1
59,male,1.66,58,21.0,3595,cardio+strength,medium,6,moderate,2057.6,164.6,216.0,59.4
61,male,1.59,58,22.9,3538,yoga,low,4,sedentary,1528.5,114.6,133.7,59.4
27,male,1.84,70,20.7,2966,yoga,low,2,light,2365.0,177.4,206.9,92.0
60,female,1.6,50,19.5,3745,cardio+strength,medium,3,moderate,1610.5,128.8,169.1,46.5
46,male,1.79,106,33.1,2854,bodyweight,low,3,sedentary,1844.5,184.5,138.3,61.5
30,male,1.46,56,26.3,1952,yoga,low,3,sedentary,1093.0,109.3,68.3,42.5
51,female,1.52,56,24.2,3595,cardio,high,6,very active,1887.2,141.5,212.3,52.4
19,male,1.9,74,20.5,3370,yoga,medium,2,light,2526.6,189.5,221.1,98.3
33,female,1.68,57,20.2,2215,cardio+strength,high,6,very active,2232.2,178.6,234.4,64.5
17,female,1.63,85,32.0,3244,yoga,low,2,light,1731.3,173.1,108.2,67.3
62,male,1.5,50,22.2,1539,cardio+strength,high,5,very active,1953.6,156.3,205.1,56.4
23,male,1.61,101,39.0,2598,strength,low,3,sedentary,1787.5,201.1,134.1,49.7
61,male,1.64,88,32.7,2249,cardio+strength,medium,3,moderate,1987.8,208.7,159.0,57.4
22,female,1.65,103,37.8,2613,yoga,low,2,light,1961.6,196.2,122.6,76.3
39,female,1.85,66,19.3,1963,cardio,high,6,very active,2518.9,188.9,283.4,70.0
23,male,1.94,65,17.3,1924,yoga,low,3,sedentary,2403.0,180.2,270.3,66.8
41,female,1.85,101,29.5,2242,cardio,high,5,very active,2605.4,260.5,228.0,72.4
54,female,1.84,48,14.2,2035,yoga,low,2,light,1948.6,146.1,219.2,54.1
45,female,1.51,97,42.5,3305,cardio+strength,high,6,very active,2135.4,224.2,170.8,61.7
17,male,1.58,85,34.0,1550,cardio+strength,medium,4,moderate,2224.1,233.5,177.9,64.3
60,male,1.94,88,23.4,3626,cardio+strength,medium,5,moderate,2786.1,222.9,292.5,80.5
48,male,1.67,76,27.3,3473,cardio,high,5,very active,2206.1,220.6,193.0,61.3
37,female,1.52,51,22.1,1547,yoga,low,2,light,1531.8,114.9,134.0,59.6
56,male,1.7,105,36.3,3530,yoga,low,2,light,2026.6,202.7,126.7,78.8
25,male,1.83,86,25.7,2486,cardio,high,5,very active,2749.5,274.9,240.6,76.4
36,female,1.48,73,33.3,3754,cardio,high,6,very active,1766.7,176.7,154.6,49.1
56,female,1.65,75,27.5,1822,cardio+strength,medium,4,moderate,1577.4,165.6,126.2,45.6
44,female,1.85,102,29.8,1860,yoga,low,3,sedentary,1654.3,165.4,103.4,64.3
46,female,1.61,108,41.7,1572,yoga,low,4,sedentary,1534.3,153.4,95.9,59.7
21,female,1.66,45,16.3,1872,cardio,high,5,very active,2407.1,180.5,331.0,40.1
65,female,1.9,71,19.7,3368,cardio+strength,high,5,very active,2434.8,194.8,255.7,70.3
36,female,1.86,73,21.1,3361,bodyweight,low,3,sedentary,1861.8,139.6,186.2,62.1
36,female,1.81,91,27.8,3353,yoga,low,2,light,1837.8,183.8,114.9,71.5
22,male,1.83,73,21.8,1508,strength,low,4,sedentary,2122.5,185.7,212.2,59.0
36,female,1.86,82,23.7,3743,cardio,high,5,very active,2831.6,212.4,318.6,78.7
48,female,1.8,50,15.4,2172,cardio,high,5,very active,2411.4,180.9,331.6,40.2
46,male,1.86,97,28.0,1938,yoga,low,2,light,2122.8,212.3,132.7,82.6
31,male,1.54,95,40.1,2383,strength,low,3,sedentary,1615.0,181.7,121.1,44.9
44,male,1.81,58,17.7,3197,yoga,low,4,sedentary,2095.5,157.2,235.7,58.2
17,male,1.84,102,30.1,3373,cardio,high,6,very active,3105.2,310.5,271.7,86.3
57,male,1.93,45,12.1,3672,cardio+strength,medium,3,moderate,2433.2,194.7,316.3,43.3
62,male,1.73,100,33.4,3896,cardio+strength,medium,5,moderate,2253.2,236.6,180.3,65.1
45,male,1.8,67,20.7,2025,yoga,low,4,sedentary,1890.0,141.8,165.4,73.5
21,female,1.78,86,27.1,3564,yoga,low,2,light,1846.4,184.6,115.4,71.8
39,female,1.94,76,20.2,2620,yoga,medium,3,moderate,2505.6,187.9,219.2,97.4
40,female,1.94,102,27.1,2046,cardio+strength,high,6,very active,2728.3,286.5,218.3,78.8
23,female,1.75,110,35.9,2724,cardio,high,6,very active,2808.1,280.8,245.7,78.0
59,female,1.81,72,22.0,2322,yoga,low,2,light,1918.5,143.9,167.9,74.6
28,female,1.79,61,19.0,2228,yoga,low,2,light,1963.2,147.2,171.8,76.3
47,female,1.81,90,27.5,3803,cardio+strength,medium,3,moderate,2034.6,213.6,162.8,58.8
45,female,1.79,81,25.3,3230,yoga,low,4,sedentary,1351.3,135.1,84.5,52.6
15,male,1.46,63,29.6,1717,cardio,high,6,very active,2040.1,204.0,178.5,56.7
57,male,1.55,65,27.1,2673,cardio,high,6,very active,1809.3,180.9,158.3,50.3
58,female,1.52,52,22.5,2708,yoga,low,3,sedentary,1222.8,91.7,107.0,47.6
28,male,1.63,102,38.4,1919,yoga,low,3,sedentary,1784.5,178.5,111.5,69.4
54,male,1.82,94,28.4,2473,cardio+strength,medium,4,moderate,2309.4,242.5,184.8,66.7
47,female,1.8,51,15.7,3062,cardio,high,6,very active,2437.3,182.8,335.1,40.6
39,female,1.93,85,22.8,3761,cardio+strength,high,4,moderate,2635.4,210.8,276.7,76.1
18,male,1.82,70,21.1,3314,cardio,high,5,very active,3023.1,226.7,340.1,84.0
29,female,1.83,70,20.9,2292,cardio,high,6,very active,2652.6,198.9,298.4,73.7
33,female,1.54,54,22.8,2265,strength,low,5,sedentary,1411.8,123.5,141.2,39.2
26,male,1.64,99,36.8,2643,cardio,high,6,very active,2760.2,276.0,241.5,76.7
50,female,1.52,77,33.3,1523,yoga,high,4,moderate,1529.0,152.9,95.6,59.5
36,female,1.8,64,19.8,1663,yoga,low,4,sedentary,1708.8,128.2,149.5,66.5
24,female,1.75,83,27.1,3509,yoga,low,3,sedentary,1471.3,147.1,92.0,57.2
65,female,1.49,85,38.3,3652,strength,low,3,sedentary,1054.3,118.6,79.1,29.3
29,male,1.71,109,37.3,2152,cardio,high,5,very active,2982.3,298.2,261.0,82.8
41,female,1.5,73,32.4,2373,yoga,low,2,light,1289.6,129.0,80.6,50.2
57,female,1.62,82,31.2,2394,yoga,low,4,sedentary,1163.8,116.4,72.7,45.3
63,female,1.95,46,12.1,1969,strength,low,3,sedentary,1743.3,152.5,217.9,29.1
57,female,1.67,76,27.3,1663,yoga,low,3,sedentary,1129.3,112.9,70.6,43.9
58,female,1.64,59,21.9,3080,yoga,low,4,sedentary,1396.8,104.8,122.2,54.3
31,female,1.46,92,43.2,3606,yoga,low,4,sedentary,1319.8,132.0,82.5,51.3
47,female,1.69,82,28.7,2288,yoga,low,4,sedentary,1276.3,127.6,79.8,49.6
35,male,1.92,66,17.9,3703,strength,low,5,sedentary,2328.0,203.7,291.0,38.8
49,male,1.76,71,22.9,2373,cardio+strength,medium,4,moderate,2433.5,194.7,255.5,70.3
58,female,1.87,71,20.3,3702,yoga,low,4,sedentary,1713.3,128.5,149.9,66.6
59,female,1.77,54,17.2,2129,bodyweight,low,3,sedentary,1728.3,129.6,216.0,38.4
16,female,1.81,49,15.0,1858,strength,low,4,sedentary,1956.3,171.2,244.5,32.6
19,male,1.54,77,32.5,3785,cardio,high,6,very active,2333.3,233.3,204.2,64.8
19,male,1.91,97,26.6,3089,cardio+strength,medium,4,moderate,2714.3,285.0,217.1,78.4
43,female,1.67,47,16.9,3095,cardio,high,5,very active,2262.6,169.7,311.1,37.7
58,male,1.72,53,17.9,3898,cardio,high,6,very active,2577.0,193.3,354.3,43.0
17,male,1.63,109,41.0,1934,cardio+strength,high,6,very active,2999.6,315.0,240.0,86.7
33,female,1.75,81,26.4,3292,cardio,high,5,very active,2221.6,222.2,194.4,61.7
39,female,1.86,48,13.9,3441,yoga,low,2,light,2068.9,155.2,232.8,57.5
25,male,1.52,95,41.1,3735,cardio+strength,high,5,very active,2570.5,269.9,205.6,74.3
33,male,1.6,92,35.9,1545,cardio+strength,medium,3,moderate,2228.0,233.9,178.2,64.4
50,male,1.51,45,19.7,3845,bodyweight,low,3,sedentary,1378.5,103.4,137.8,46.0
53,female,1.72,55,18.6,2748,cardio+strength,medium,3,moderate,1858.5,148.7,195.1,53.7
28,female,1.56,110,45.2,2083,cardio+strength,medium,4,moderate,2249.7,236.2,180.0,65.0
25,male,1.56,77,31.6,2295,cardio+strength,medium,3,moderate,2018.8,212.0,161.5,58.3
22,male,1.79,51,15.9,3748,cardio+strength,medium,3,moderate,2661.8,212.9,346.0,47.3
44,male,1.6,53,20.7,2526,cardio,high,6,very active,2268.4,170.1,255.2,63.0
21,male,1.81,107,32.7,2855,yoga,low,4,sedentary,2021.5,202.2,126.3,78.6
37,male,1.79,75,23.4,1909,yoga,low,2,light,2322.0,174.2,203.2,90.3
33,male,1.9,85,23.5,3490,strength,low,5,sedentary,2253.0,197.1,225.3,62.6
43,female,1.76,84,27.1,3892,cardio,high,6,very active,2197.9,219.8,192.3,61.1
24,female,1.85,99,28.9,2190,cardio,high,5,very active,2717.6,271.8,237.8,75.5
15,female,1.57,73,29.6,3286,cardio,high,5,very active,2044.8,204.5,178.9,56.8
32,female,1.52,87,37.7,3465,strength,low,4,sedentary,1298.8,146.1,97.4,36.1
44,female,1.63,84,31.6,3494,yoga,low,3,sedentary,1273.3,127.3,79.6,49.5
50,male,1.54,55,23.2,2649,yoga,low,2,light,1742.8,130.7,152.5,67.8
23,male,1.58,54,21.6,1808,yoga,low,4,sedentary,1701.0,127.6,148.8,66.1
16,male,1.86,96,27.7,3916,cardio,high,6,very active,3031.9,303.2,265.3,84.2
28,male,1.73,105,35.1,2108,yoga,low,3,sedentary,1895.5,189.6,118.5,73.7
38,female,1.56,82,33.7,2048,cardio+strength,medium,3,moderate,1738.2,182.5,139.1,50.2
44,male,1.65,109,40.0,1543,cardio,high,6,very active,2788.3,278.8,244.0,77.5
57,male,1.87,66,18.9,3605,cardio,high,6,very active,2671.6,200.4,300.6,74.2
23,female,1.53,63,26.9,3480,cardio,high,5,very active,1760.2,176.0,154.0,48.9
37,male,1.56,107,44.0,2449,yoga,high,2,light,2064.4,206.4,129.0,80.3
19,female,1.63,50,18.8,2346,strength,low,3,sedentary,1515.3,132.6,151.5,42.1
48,female,1.64,103,38.3,1690,yoga,low,3,sedentary,1484.8,148.5,92.8,57.7
17,female,1.5,80,35.6,2578,cardio,high,5,very active,2072.8,207.3,181.4,57.6
52,male,1.64,93,34.6,2996,strength,low,4,sedentary,1540.0,173.2,115.5,42.8
52,male,1.71,93,31.8,2412,cardio+strength,high,5,very active,2508.0,263.3,200.6,72.5
48,female,1.63,89,33.5,3494,cardio,high,6,very active,2100.9,210.1,183.8,58.4
65,female,1.89,45,12.6,3555,cardio,high,5,very active,2275.6,170.7,312.9,37.9
23,female,1.53,54,23.1,3607,cardio+strength,medium,3,moderate,1891.4,151.3,198.6,54.6
56,female,1.56,68,27.9,2144,yoga,low,2,light,1169.2,116.9,73.1,45.5
38,male,1.78,98,30.9,2852,yoga,low,2,light,2122.8,212.3,132.7,82.6
61,male,1.69,106,37.1,3462,cardio+strength,high,4,moderate,2315.2,243.1,185.2,66.9
28,male,1.77,97,31.0,1591,cardio+strength,medium,4,moderate,2508.9,263.4,200.7,72.5
30,male,1.51,65,28.5,2051,cardio,high,5,very active,1999.1,199.9,174.9,55.5
55,male,1.9,63,17.5,1729,cardio,high,5,very active,2969.4,222.7,408.3,49.5
25,female,1.91,96,26.3,3954,cardio+strength,high,6,very active,2721.9,285.8,217.8,78.6
51,male,1.89,81,22.7,1851,cardio,high,6,very active,3003.7,225.3,337.9,83.4
28,female,1.75,105,34.3,3472,yoga,low,3,sedentary,1711.3,171.1,107.0,66.6
25,male,1.87,63,18.0,3886,yoga,low,4,sedentary,2314.5,173.6,260.4,64.3
64,male,1.76,110,35.5,2583,yoga,low,3,sedentary,1762.0,176.2,110.1,68.5
25,female,1.91,53,14.5,2441,bodyweight,low,3,sedentary,2025.3,151.9,253.2,45.0
39,female,1.52,47,20.3,2328,yoga,low,4,sedentary,1276.8,95.8,111.7,49.7
48,female,1.86,57,16.5,2226,bodyweight,low,3,sedentary,1897.8,142.3,237.2,42.2
45,male,1.89,109,30.5,1981,cardio,high,6,very active,3038.4,303.8,265.9,84.4
20,female,1.78,45,14.2,3267,yoga,low,4,sedentary,1861.8,139.6,209.5,51.7
48,female,1.64,50,18.6,3670,bodyweight,low,3,sedentary,1348.8,101.2,134.9,45.0
42,male,1.92,106,28.8,3061,cardio,high,5,very active,3044.9,304.5,266.4,84.6
37,male,1.66,77,27.9,3454,yoga,low,4,sedentary,1453.0,145.3,90.8,56.5
64,male,1.91,55,15.1,2660,bodyweight,low,3,sedentary,2014.5,151.1,251.8,44.8
53,female,1.58,45,18.0,1529,cardio,high,6,very active,2044.8,153.4,281.2,34.1
51,male,1.71,93,31.8,2341,bodyweight,low,3,sedentary,1598.5,159.9,119.9,53.3
59,female,1.65,58,21.3,2133,yoga,low,4,sedentary,1386.3,104.0,121.3,53.9
42,female,1.58,99,39.7,3812,cardio+strength,medium,4,moderate,1990.1,209.0,159.2,57.5
38,female,1.95,95,25.0,2334,cardio+strength,high,4,moderate,2317.5,243.3,185.4,67.0
41,female,1.54,106,44.7,2539,cardio+strength,medium,3,moderate,2067.6,217.1,165.4,59.7
34,female,1.84,95,28.1,2065,cardio,high,5,very active,2551.5,255.2,223.3,70.9
57,male,1.82,102,30.8,2162,strength,low,4,sedentary,1753.0,197.2,131.5,48.7
21,male,1.7,88,30.4,3755,cardio+strength,high,6,very active,2678.3,281.2,214.3,77.4
54,male,1.53,45,19.2,1873,yoga,low,4,sedentary,1369.5,102.7,119.8,53.3
24,female,1.91,100,27.4,1861,yoga,low,2,light,2130.0,213.0,133.1,82.8
19,female,1.56,55,22.6,3994,yoga,low,2,light,1744.9,130.9,152.7,67.9
17,female,1.92,96,26.0,3634,cardio,high,6,very active,2801.7,280.2,245.1,77.8
33,male,1.92,67,18.2,3524,cardio+strength,medium,4,moderate,2950.5,236.0,383.6,52.5
43,male,1.55,81,33.7,2297,cardio,high,6,very active,2206.1,220.6,193.0,61.3
17,male,1.76,49,15.8,2973,yoga,low,2,light,2376.2,178.2,267.3,66.0
30,male,1.94,56,14.9,2630,cardio+strength,medium,4,moderate,2822.6,225.8,366.9,50.2
64,female,1.63,95,35.8,3160,yoga,low,3,sedentary,1285.3,128.5,80.3,50.0
52,male,1.71,53,18.1,1869,cardio,high,6,very active,2618.0,196.3,360.0,43.6
50,female,1.81,89,27.2,2923,cardio+strength,high,4,moderate,1995.9,209.6,159.7,57.7
32,male,1.75,69,22.5,3362,yoga,low,3,sedentary,1954.5,146.6,171.0,76.0
40,male,1.58,97,38.9,3573,cardio,high,6,very active,2540.3,254.0,222.3,70.6
21,male,1.7,88,30.4,1979,yoga,low,2,light,2033.4,203.3,127.1,79.1
47,female,1.89,77,21.6,3313,yoga,low,3,sedentary,1866.3,140.0,163.3,72.6
39,female,1.83,88,26.3,3379,yoga,low,4,sedentary,1501.3,150.1,93.8,58.4
58,female,1.9,48,13.3,3474,cardio+strength,medium,5,moderate,2185.6,174.8,284.1,38.9
22,female,1.48,73,33.3,2441,cardio+strength,medium,3,moderate,1645.2,172.7,131.6,47.5
35,female,1.93,46,12.3,2578,bodyweight,low,3,sedentary,1896.3,142.2,237.0,42.1
30,female,1.5,88,39.1,1811,cardio+strength,high,5,very active,2098.7,220.4,167.9,60.6
50,male,1.69,90,31.5,2395,cardio,high,6,very active,2451.9,245.2,214.5,68.1
51,female,1.54,69,29.1,3543,cardio+strength,medium,3,moderate,1416.6,148.7,113.3,40.9
62,male,1.57,75,30.4,2587,yoga,low,2,light,1461.1,146.1,91.3,56.8
28,male,1.55,76,31.6,2958,cardio,high,5,very active,2249.2,224.9,196.8,62.5
24,male,1.51,55,24.1,3517,cardio,high,5,very active,2378.3,178.4,267.6,66.1
54,male,1.83,50,14.9,3475,cardio,high,6,very active,2678.3,200.9,368.3,44.6
38,female,1.7,80,27.7,3510,cardio+strength,medium,6,moderate,1842.8,193.5,147.4,53.2
26,female,1.65,61,22.4,1721,strength,low,4,sedentary,1620.3,141.8,162.0,45.0
48,female,1.69,49,17.2,3558,cardio,high,6,very active,2275.6,170.7,312.9,37.9
37,female,1.88,67,19.0,3372,yoga,low,4,sedentary,1798.8,134.9,157.4,70.0
22,female,1.61,46,17.7,1548,strength,low,5,sedentary,1734.3,151.8,216.8,28.9
58,male,1.64,57,21.2,2832,cardio+strength,high,5,very active,2259.8,180.8,237.3,65.3
38,female,1.54,78,32.9,2471,cardio,high,6,very active,1900.3,190.0,166.3,52.8
32,female,1.93,88,23.6,2998,cardio,high,6,very active,3045.1,228.4,342.6,84.6
26,female,1.66,98,35.6,3024,yoga,low,2,light,1873.9,187.4,117.1,72.9
38,female,1.59,68,26.9,3840,yoga,low,3,sedentary,1087.3,108.7,68.0,42.3
23,male,1.86,79,22.8,2465,bodyweight,low,3,sedentary,2211.0,165.8,221.1,73.7
50,female,1.88,70,19.8,2097,cardio+strength,medium,3,moderate,2269.2,181.5,238.3,65.6
62,male,1.69,46,16.1,2223,cardio+strength,medium,4,moderate,2177.4,174.2,283.1,38.7
41,female,1.52,85,36.8,3493,yoga,low,2,light,1471.8,147.2,92.0,57.2
34,female,1.73,51,17.0,3131,cardio,high,5,very active,2473.9,185.5,340.2,41.2
21,male,1.48,77,35.2,3451,cardio,high,6,very active,2251.4,225.1,197.0,62.5
55,male,1.67,87,31.2,2564,yoga,low,2,light,1760.2,176.0,110.0,68.5
38,female,1.73,77,25.7,2909,cardio+strength,high,4,moderate,1825.4,191.7,146.0,52.7
16,female,1.51,70,30.7,3862,cardio+strength,high,5,very active,1919.7,201.6,153.6,55.5
51,male,1.94,81,21.5,2954,cardio+strength,medium,4,moderate,2747.4,219.8,288.5,79.4
35,female,1.84,102,30.1,1821,yoga,low,3,sedentary,1700.8,170.1,106.3,66.1
39,female,1.68,63,22.3,2186,yoga,low,2,light,1820.5,136.5,159.3,70.8
55,female,1.66,96,34.8,1792,bodyweight,low,3,sedentary,1373.8,137.4,103.0,45.8
20,male,1.62,85,32.4,2797,strength,low,5,sedentary,1621.0,182.4,121.6,45.0
56,female,1.81,95,29.0,2611,strength,low,6,sedentary,1468.3,165.2,110.1,40.8
43,female,1.82,102,30.8,3195,cardio,high,5,very active,2573.1,257.3,225.1,71.5
25,male,1.88,61,17.3,2461,cardio,high,6,very active,3172.1,237.9,436.2,52.9
57,female,1.92,55,14.9,2362,cardio+strength,medium,3,moderate,2321.2,185.7,301.8,41.3
25,female,1.5,53,23.6,3438,cardio,high,6,very active,2038.1,152.9,229.3,56.6
50,male,1.46,95,44.6,3646,cardio+strength,high,4,moderate,2007.1,210.7,160.6,58.0
63,male,1.5,64,28.4,1845,yoga,low,4,sedentary,1021.0,102.1,63.8,39.7
56,female,1.6,76,29.7,2663,yoga,low,2,light,1313.6,131.4,82.1,51.1
43,male,1.52,66,28.6,1617,strength,low,4,sedentary,1180.0,132.8,88.5,32.8
17,female,1.88,86,24.3,3450,yoga,low,4,sedentary,2146.8,161.0,187.8,83.5
44,female,1.72,62,21.0,3708,cardio,high,6,very active,2266.7,170.0,255.0,63.0
26,female,1.77,100,31.9,3644,strength,low,6,sedentary,1678.3,188.8,125.9,46.6
55,female,1.9,106,29.4,3710,yoga,low,4,sedentary,1673.8,167.4,104.6,65.1
29,male,1.67,91,32.6,3188,cardio+strength,medium,3,moderate,2311.3,242.7,184.9,66.8
31,male,1.6,45,17.6,3643,cardio+strength,medium,5,moderate,2315.0,185.2,300.9,41.2
63,male,1.62,105,40.0,3691,yoga,low,4,sedentary,1603.0,160.3,100.2,62.3
15,female,1.92,106,28.8,2727,cardio,high,5,very active,2991.4,299.1,261.7,83.1
15,female,1.85,74,21.6,1529,bodyweight,low,3,sedentary,1992.3,149.4,199.2,66.4
50,female,1.54,100,42.2,3116,cardio+strength,high,5,very active,2176.3,228.5,174.1,62.9
30,male,1.81,94,28.7,3049,bodyweight,low,3,sedentary,1811.5,181.2,135.9,60.4
29,female,1.49,75,33.8,3616,cardio,high,5,very active,1872.3,187.2,163.8,52.0
63,female,1.59,79,31.2,3191,yoga,low,3,sedentary,1069.3,106.9,66.8,41.6
27,male,1.54,82,34.6,1952,yoga,low,4,sedentary,1483.0,148.3,92.7,57.7
55,female,1.76,79,25.5,3515,yoga,low,2,light,1499.2,149.9,93.7,58.3
27,female,1.46,51,23.9,3691,strength,low,3,sedentary,1351.8,118.3,135.2,37.5
16,male,1.94,81,21.5,2602,cardio+strength,high,6,very active,3359.4,268.8,352.7,97.0
23,female,1.81,74,22.6,1869,yoga,low,3,sedentary,1914.3,143.6,167.5,74.4
24,male,1.7,88,30.4,3221,yoga,low,2,light,2012.8,201.3,125.8,78.3
34,female,1.95,104,27.4,1629,cardio,high,5,very active,2825.4,282.5,247.2,78.5
36,male,1.87,63,18.0,1729,strength,low,3,sedentary,2248.5,196.7,281.1,37.5
32,female,1.49,105,47.3,2243,yoga,low,2,light,1782.8,178.3,111.4,69.3
27,female,1.86,46,13.3,1999,bodyweight,low,3,sedentary,1891.8,141.9,236.5,42.0
64,male,1.64,101,37.6,2512,cardio+strength,medium,4,moderate,2166.0,227.4,173.3,62.6
62,male,1.55,57,23.7,3634,cardio,high,5,very active,2128.2,159.6,239.4,59.1
57,male,1.69,84,29.4,2823,yoga,low,3,sedentary,1439.5,144.0,90.0,56.0
25,male,1.82,60,18.1,2537,cardio+strength,medium,4,moderate,2807.1,224.6,364.9,49.9
45,female,1.55,51,21.2,2392,yoga,low,2,light,1502.5,112.7,131.5,58.4
22,male,1.77,86,27.5,1561,cardio+strength,high,4,moderate,2384.9,250.4,190.8,68.9
25,female,1.74,95,31.4,2495,yoga,low,3,sedentary,1601.8,160.2,100.1,62.3
15,male,1.74,105,34.7,3942,cardio,high,5,very active,3066.4,306.6,268.3,85.2
24,female,1.84,76,22.4,2145,strength,low,6,sedentary,1954.8,171.0,195.5,54.3
46,male,1.79,88,27.5,1745,cardio+strength,high,5,very active,2559.7,268.8,204.8,73.9
18,female,1.77,58,18.5,2015,cardio+strength,medium,4,moderate,2224.6,178.0,233.6,64.3
46,male,1.61,89,34.3,3296,cardio,high,5,very active,2382.9,238.3,208.5,66.2
61,male,1.46,93,43.6,2967,strength,low,4,sedentary,1351.0,152.0,101.3,37.5
61,male,1.58,50,20.0,3487,cardio,high,5,very active,2048.4,153.6,230.4,56.9
60,female,1.73,107,35.8,2277,yoga,low,2,light,1824.1,182.4,114.0,70.9
51,male,1.72,86,29.1,3418,bodyweight,low,3,sedentary,1522.0,152.2,114.1,50.7
32,male,1.48,64,29.2,3340,cardio+strength,medium,3,moderate,1685.5,177.0,134.8,48.7
33,female,1.72,103,34.8,1502,yoga,low,4,sedentary,1634.8,163.5,102.2,63.6
64,female,1.82,47,14.2,2991,cardio,high,6,very active,2243.2,168.2,308.4,37.4
64,male,1.61,53,20.4,3707,cardio,high,5,very active,2106.7,158.0,237.0,58.5
39,male,1.71,108,36.9,3758,cardio,high,6,very active,2878.8,287.9,251.9,80.0
24,female,1.61,86,33.2,1952,strength,low,5,sedentary,1402.3,157.8,105.2,39.0
21,male,1.47,61,28.2,2231,strength,low,4,sedentary,1214.5,136.6,91.1,33.7
17,male,1.5,69,30.7,1904,cardio+strength,medium,5,moderate,1898.6,199.4,151.9,54.8
17,female,1.78,77,24.3,1701,cardio,high,6,very active,2823.0,211.7,317.6,78.4
38,male,1.75,54,17.6,1553,cardio+strength,medium,4,moderate,2545.6,203.6,330.9,45.3
28,female,1.91,55,15.1,3417,yoga,low,4,sedentary,2031.3,152.3,228.5,56.4
55,male,1.63,98,36.9,3011,cardio+strength,high,4,moderate,2179.6,228.9,174.4,63.0
65,male,1.86,79,22.8,3666,yoga,low,4,sedentary,1959.0,146.9,171.4,76.2
17,male,1.87,54,15.4,2384,cardio,high,5,very active,3109.6,233.2,427.6,51.8
48,male,1.5,74,32.9,3677,cardio,high,5,very active,1988.3,198.8,174.0,55.2
39,male,1.55,76,31.6,3834,cardio+strength,medium,6,moderate,1885.1,197.9,150.8,54.5
55,male,1.73,98,32.7,1932,cardio+strength,high,5,very active,2589.9,271.9,207.2,74.8
64,female,1.79,99,30.9,1926,cardio,high,5,very active,2307.9,230.8,201.9,64.1
25,male,1.72,109,36.8,2882,cardio,high,6,very active,3027.6,302.8,264.9,84.1
57,male,1.72,101,34.1,2943,cardio+strength,medium,3,moderate,2297.8,241.3,183.8,66.4
35,female,1.87,97,27.7,3263,cardio+strength,high,4,moderate,2294.3,240.9,183.5,66.3
61,female,1.75,72,23.5,3036,cardio,high,6,very active,2324.9,174.4,261.6,64.6
64,female,1.63,102,38.4,3332,strength,low,3,sedentary,1369.3,154.0,102.7,38.0
40,male,1.81,81,24.7,3940,cardio+strength,high,5,very active,3012.3,241.0,316.3,87.0
16,male,1.95,83,21.8,1526,cardio+strength,high,6,very active,3404.7,272.4,357.5,98.4
34,male,1.56,85,34.9,1588,yoga,low,2,light,1782.5,178.2,111.4,69.3
64,female,1.91,110,30.2,3778,yoga,low,2,light,1992.5,199.2,124.5,77.5
51,male,1.5,103,45.8,2956,cardio+strength,medium,3,moderate,2162.1,227.0,173.0,62.5
24,male,1.58,76,30.4,2454,cardio+strength,medium,5,moderate,2030.4,213.2,162.4,58.7
31,female,1.5,96,42.7,3830,cardio+strength,medium,5,moderate,1951.3,204.9,156.1,56.4
28,male,1.81,106,32.4,2208,cardio,high,6,very active,3047.0,304.7,266.6,84.6
46,male,1.75,83,27.1,1653,cardio,high,6,very active,2430.3,243.0,212.7,67.5
61,female,1.49,52,23.4,2869,cardio+strength,high,6,very active,1699.6,136.0,178.5,49.1
37,female,1.66,60,21.8,2428,yoga,low,2,light,1775.8,133.2,155.4,69.1
62,male,1.77,93,29.7,1721,yoga,low,2,light,1880.5,188.1,117.5,73.1
34,male,1.61,64,24.7,2838,yoga,low,3,sedentary,1777.5,133.3,155.5,69.1
47,male,1.53,95,40.6,3325,cardio+strength,high,4,moderate,2098.2,220.3,167.9,60.6
63,male,1.56,82,33.7,3115,yoga,low,4,sedentary,1282.0,128.2,80.1,49.9
24,male,1.62,105,40.0,3840,yoga,low,3,sedentary,1837.0,183.7,114.8,71.4
62,male,1.72,78,26.4,1848,yoga,low,4,sedentary,1360.0,136.0,85.0,52.9
40,female,1.84,61,18.0,2052,strength,low,4,sedentary,1978.8,173.1,247.3,33.0
45,male,1.69,70,24.5,3798,cardio+strength,medium,4,moderate,2381.2,190.5,250.0,68.8
54,male,1.57,79,32.0,3261,yoga,low,4,sedentary,1307.5,130.8,81.7,50.8
35,male,1.51,97,42.5,3234,cardio,high,5,very active,2508.0,250.8,219.4,69.7
38,female,1.55,89,37.0,3932,cardio+strength,medium,5,moderate,1837.0,192.9,147.0,53.1
56,male,1.83,66,19.7,2932,yoga,low,2,light,2102.0,157.7,183.9,81.7
54,female,1.76,101,32.6,1683,yoga,low,2,light,1808.6,180.9,113.0,70.3
29,male,1.79,64,20.0,1851,strength,low,4,sedentary,1942.5,170.0,194.2,54.0
22,male,1.57,63,25.6,2678,strength,low,4,sedentary,1307.5,147.1,98.1,36.3
15,female,1.8,59,18.2,2749,cardio,high,6,very active,2851.3,213.8,392.1,47.5
43,female,1.46,71,33.3,3703,yoga,low,4,sedentary,995.8,99.6,62.2,38.7
28,male,1.72,78,26.4,3747,yoga,low,4,sedentary,1564.0,156.4,97.8,60.8
45,male,1.8,47,14.5,3042,yoga,low,4,sedentary,1950.0,146.2,219.4,54.2
52,male,1.58,52,20.8,2663,yoga,low,2,light,1722.2,129.2,150.7,67.0
27,female,1.48,46,21.0,1772,cardio+strength,medium,3,moderate,1688.0,135.0,177.2,48.8
39,female,1.78,91,28.7,1941,cardio,high,6,very active,2374.7,237.5,207.8,66.0
16,female,1.88,94,26.6,2446,cardio,high,5,very active,2732.7,273.3,239.1,75.9
39,male,1.9,107,29.6,3945,cardio+strength,medium,3,moderate,2704.6,284.0,216.4,78.1
49,male,1.54,109,46.0,3375,strength,low,4,sedentary,1675.0,188.4,125.6,46.5
50,male,1.47,84,38.9,2866,cardio+strength,medium,3,moderate,1846.3,193.9,147.7,53.3
46,female,1.82,47,14.2,2920,cardio,high,5,very active,2398.5,179.9,329.8,40.0
58,female,1.63,83,31.2,2467,strength,low,3,sedentary,1177.3,132.4,88.3,32.7
47,female,1.86,77,22.3,3085,cardio,high,6,very active,2650.5,198.8,298.2,73.6
16,female,1.56,88,36.2,3109,cardio+strength,medium,5,moderate,2001.7,210.2,160.1,57.8
57,male,1.49,93,41.9,3632,cardio+strength,medium,4,moderate,1950.9,204.8,156.1,56.4
58,male,1.66,64,23.2,3246,yoga,low,2,light,1914.7,143.6,167.5,74.5
34,female,1.67,61,21.9,2346,cardio,high,6,very active,2281.7,171.1,256.7,63.4
56,male,1.74,70,23.1,2065,cardio,high,5,very active,2609.1,195.7,293.5,72.5
34,male,1.67,63,22.6,3813,yoga,low,3,sedentary,1810.5,135.8,158.4,70.4
25,female,1.48,60,27.4,2254,bodyweight,low,3,sedentary,986.8,98.7,74.0,32.9
35,male,1.81,85,25.9,3195,cardio,high,5,very active,2624.4,262.4,229.6,72.9
41,female,1.67,80,28.7,2122,cardio+strength,medium,5,moderate,1790.5,188.0,143.2,51.7
64,male,1.5,68,30.2,1607,bodyweight,low,3,sedentary,1063.0,106.3,79.7,35.4
63,female,1.75,74,24.2,3942,yoga,low,3,sedentary,1629.3,122.2,142.6,63.4
29,male,1.79,90,28.1,1825,cardio,high,5,very active,2740.8,274.1,239.8,76.1
59,female,1.52,105,45.4,3031,cardio,high,5,very active,2163.4,216.3,189.3,60.1
26,female,1.7,62,21.5,2170,cardio,high,6,very active,2400.3,180.0,270.0,66.7
27,male,1.47,46,21.3,2605,yoga,low,2,light,1717.0,128.8,150.2,66.8
41,male,1.82,70,21.1,2337,cardio+strength,medium,5,moderate,2538.1,203.0,266.5,73.3
19,male,1.91,101,27.7,3506,cardio,high,5,very active,3146.2,314.6,275.3,87.4
59,female,1.88,76,21.5,3251,strength,low,3,sedentary,1774.8,155.3,177.5,49.3
40,male,1.75,93,30.4,2781,cardio,high,5,very active,2654.6,265.5,232.3,73.7
40,male,1.71,102,34.9,3371,cardio,high,6,very active,2766.7,276.7,242.1,76.9
17,male,1.71,95,32.5,1660,cardio+strength,high,5,very active,2844.3,298.7,227.5,82.2
50,female,1.71,51,17.4,2277,cardio,high,5,very active,2314.4,173.6,318.2,38.6
33,female,1.65,83,30.5,2671,yoga,low,4,sedentary,1342.3,134.2,83.9,52.2
44,male,1.66,51,18.5,3617,bodyweight,low,3,sedentary,1599.0,119.9,159.9,53.3
24,female,1.86,102,29.5,1870,yoga,low,2,light,2114.6,211.5,132.2,82.2
61,male,1.54,62,26.1,3110,cardio+strength,high,6,very active,1712.3,179.8,137.0,49.5
41,female,1.68,67,23.7,3358,strength,low,4,sedentary,1624.8,142.2,162.5,45.1
52,male,1.89,56,15.7,2524,cardio,high,5,very active,2863.8,214.8,393.8,47.7
35,male,1.81,60,18.3,1873,bodyweight,low,3,sedentary,2173.5,163.0,271.7,48.3
22,female,1.77,55,17.6,3645,cardio,high,6,very active,2689.6,201.7,369.8,44.8
60,female,1.81,110,33.6,2154,yoga,low,3,sedentary,1624.3,162.4,101.5,63.2
39,female,1.47,66,30.5,2872,cardio+strength,medium,4,moderate,1395.3,146.5,111.6,40.3
51,male,1.53,63,26.9,2232,strength,low,4,sedentary,1103.5,124.1,82.8,30.7
64,male,1.66,84,30.5,3327,yoga,low,2,light,1648.4,164.8,103.0,64.1
33,male,1.51,61,26.8,2330,cardio+strength,medium,3,moderate,1660.3,174.3,132.8,48.0
15,female,1.46,108,50.7,3542,cardio,high,6,very active,2530.0,253.0,221.4,70.3
49,male,1.75,108,35.3,2474,cardio,high,6,very active,2835.7,283.6,248.1,78.8
28,female,1.68,101,35.8,1825,yoga,low,4,sedentary,1610.8,161.1,100.7,62.6
53,male,1.57,80,32.5,3783,cardio+strength,high,5,very active,2124.2,223.0,169.9,61.4
28,male,1.54,52,21.9,2929,yoga,low,3,sedentary,1617.0,121.3,141.5,62.9
17,male,1.88,83,23.5,2856,cardio,high,5,very active,3320.6,249.0,373.6,92.2
20,male,1.5,67,29.8,2160,cardio,high,6,very active,2109.1,210.9,184.5,58.6
58,female,1.76,67,21.6,3365,cardio+strength,medium,5,moderate,2044.5,163.6,214.7,59.1
62,female,1.92,56,15.2,2725,yoga,low,4,sedentary,1846.8,138.5,207.8,51.3
35,female,1.9,53,14.7,3250,cardio+strength,medium,4,moderate,2441.3,195.3,317.4,43.4
50,male,1.6,62,24.2,1999,yoga,low,4,sedentary,1650.0,123.8,144.4,64.2
59,female,1.61,97,37.4,3648,cardio,high,6,very active,2122.4,212.2,185.7,59.0
28,male,1.76,58,18.7,3840,cardio,high,5,very active,2665.1,199.9,299.8,74.0
61,male,1.69,81,28.4,3249,cardio+strength,medium,4,moderate,1927.7,202.4,154.2,55.7
53,female,1.58,90,36.1,2031,cardio+strength,medium,4,moderate,1765.3,185.4,141.2,51.0
54,female,1.71,108,36.9,3517,cardio,high,5,very active,2463.1,246.3,215.5,68.4
26,male,1.8,69,21.3,1506,cardio+strength,medium,4,moderate,2619.5,209.6,275.0,75.7
22,male,1.68,60,21.3,2349,yoga,low,2,light,2124.4,159.3,185.9,82.6
54,female,1.66,87,31.6,2932,cardio,high,5,very active,2047.0,204.7,179.1,56.9
50,male,1.46,70,32.8,2653,yoga,low,3,sedentary,1141.0,114.1,71.3,44.4
31,male,1.6,109,42.6,3752,yoga,low,4,sedentary,1828.0,182.8,114.2,71.1
35,male,1.51,87,38.2,2898,strength,low,3,sedentary,1472.5,165.7,110.4,40.9
40,male,1.87,69,19.7,2853,yoga,low,3,sedentary,1996.5,149.7,174.7,77.6
36,female,1.91,49,13.4,2056,cardio+strength,medium,5,moderate,2381.3,190.5,309.6,42.3
45,male,1.76,87,28.1,3394,yoga,low,2,light,1906.2,190.6,119.1,74.1
65,female,1.91,52,14.3,3634,cardio+strength,high,6,very active,2417.9,193.4,314.3,43.0
34,female,1.73,47,15.7,2353,strength,low,5,sedentary,1764.3,154.4,220.5,29.4
51,female,1.85,90,26.3,1771,cardio+strength,medium,4,moderate,2042.4,214.5,163.4,59.0
24,female,1.87,88,25.2,3036,yoga,low,2,light,1930.7,193.1,120.7,75.1
55,male,1.74,94,31.0,2267,yoga,low,3,sedentary,1609.0,160.9,100.6,62.6
53,male,1.88,84,23.8,2788,strength,low,4,sedentary,2106.0,184.3,210.6,58.5
60,male,1.59,56,22.2,3535,cardio,high,5,very active,2171.3,162.8,244.3,60.3
30,female,1.68,83,29.4,2385,yoga,low,3,sedentary,1382.8,138.3,86.4,53.8
48,female,1.54,92,38.8,1653,yoga,low,3,sedentary,1277.8,127.8,79.9,49.7
64,male,1.91,101,27.7,3572,yoga,low,2,light,2097.0,209.7,131.1,81.5
16,female,1.9,64,17.7,2279,yoga,low,4,sedentary,2203.8,165.3,247.9,61.2
36,female,1.82,84,25.4,2840,yoga,low,4,sedentary,1463.8,146.4,91.5,56.9
24,male,1.86,61,17.6,2340,yoga,low,3,sedentary,2289.0,171.7,257.5,63.6
61,male,1.68,59,20.9,1516,cardio+strength,medium,3,moderate,2077.0,166.2,218.1,60.0
34,male,1.79,56,17.5,2865,cardio+strength,medium,4,moderate,2646.3,211.7,344.0,47.0
44,male,1.5,84,37.3,1592,yoga,low,2,light,1648.4,164.8,103.0,64.1
51,female,1.77,71,22.7,2814,cardio,high,5,very active,2415.4,181.2,271.7,67.1
27,male,1.59,85,33.6,3306,bodyweight,low,3,sedentary,1556.5,155.7,116.7,51.9
57,male,1.59,65,25.7,2620,cardio+strength,medium,4,moderate,1613.8,169.4,129.1,46.6
22,male,1.93,110,29.5,1919,yoga,low,2,light,2526.7,252.7,157.9,98.3
28,female,1.72,79,26.7,2079,bodyweight,low,3,sedentary,1376.8,137.7,103.3,45.9
60,female,1.74,66,21.8,1791,cardio,high,6,very active,2219.2,166.4,249.7,61.6
34,female,1.72,51,17.2,2032,cardio,high,5,very active,2463.2,184.7,338.7,41.1
16,female,1.9,51,14.1,1933,cardio+strength,medium,4,moderate,2557.6,204.6,332.5,45.5
39,male,1.49,95,42.8,2233,cardio+strength,medium,5,moderate,2121.4,222.7,169.7,61.3
60,female,1.76,84,27.1,2861,cardio+strength,high,6,very active,2051.3,215.4,164.1,59.3
27,male,1.94,104,27.6,3825,cardio+strength,medium,3,moderate,2789.9,292.9,223.2,80.6
23,male,1.86,104,30.1,1898,cardio+strength,medium,3,moderate,2743.4,288.1,219.5,79.3
44,female,1.79,104,32.5,3427,cardio,high,5,very active,2566.6,256.7,224.6,71.3
29,male,1.52,78,33.8,2988,yoga,low,3,sedentary,1408.0,140.8,88.0,54.8
40,male,1.8,87,26.9,2830,cardio,high,6,very active,2605.0,260.5,227.9,72.4
44,female,1.47,105,48.6,1962,cardio+strength,high,6,very active,2238.9,235.1,179.1,64.7
37,female,1.68,66,23.4,2656,cardio+strength,medium,4,moderate,2114.2,169.1,222.0,61.1
64,female,1.75,61,19.9,3580,cardio,high,6,very active,2109.2,158.2,237.3,58.6
21,female,1.86,58,16.8,2834,cardio+strength,medium,4,moderate,2588.6,207.1,336.5,46.0
50,male,1.85,104,30.4,3141,cardio+strength,medium,3,moderate,2524.4,265.1,202.0,72.9
52,female,1.57,76,30.8,3744,cardio+strength,high,5,very active,1777.4,186.6,142.2,51.3
25,female,1.64,88,32.7,2352,cardio+strength,medium,3,moderate,2009.5,211.0,160.8,58.1
59,female,1.84,100,29.5,3823,cardio,high,5,very active,2422.2,242.2,211.9,67.3
65,female,1.72,75,25.4,2208,strength,low,4,sedentary,1106.8,124.5,83.0,30.7
57,male,1.82,107,32.3,1968,yoga,low,4,sedentary,1813.0,181.3,113.3,70.5
52,female,1.61,57,22.0,3323,yoga,low,2,light,1588.5,119.1,139.0,61.8
26,female,1.93,53,14.2,3950,bodyweight,low,3,sedentary,2034.3,152.6,254.3,45.2
21,female,1.61,52,20.1,1870,strength,low,5,sedentary,1512.3,132.3,151.2,42.0
28,male,1.89,45,12.6,2100,yoga,low,2,light,2357.3,176.8,265.2,65.5
57,male,1.68,82,29.1,3097,yoga,low,3,sedentary,1408.0,140.8,88.0,54.8
54,female,1.55,85,35.4,2727,cardio,high,5,very active,1893.9,189.4,165.7,52.6
51,female,1.91,100,27.4,2910,cardio+strength,medium,4,moderate,2255.5,236.8,180.4,65.2
20,male,1.76,110,35.5,3155,cardio+strength,medium,5,moderate,2762.8,290.1,221.0,79.8
23,female,1.48,51,23.3,1503,yoga,low,3,sedentary,1390.8,104.3,121.7,54.1
60,female,1.5,81,36.0,1627,cardio,high,6,very active,1719.2,171.9,150.4,47.8
30,female,1.8,95,29.3,2803,cardio,high,6,very active,2542.9,254.3,222.5,70.6
60,female,1.65,100,36.7,3732,cardio+strength,high,6,very active,2208.7,231.9,176.7,63.8
28,male,1.69,69,24.2,3775,yoga,low,3,sedentary,1933.5,145.0,169.2,75.2
39,female,1.87,64,18.3,2681,cardio+strength,medium,4,moderate,2551.8,204.1,331.7,45.4
57,male,1.52,54,23.4,1564,yoga,low,2,light,1663.8,124.8,145.6,64.7
24,female,1.78,62,19.6,1846,cardio,high,6,very active,2503.8,187.8,281.7,69.6
23,female,1.88,99,28.0,2236,strength,low,5,sedentary,1766.8,198.8,132.5,49.1
44,female,1.73,102,34.1,3075,yoga,low,2,light,1865.3,186.5,116.6,72.5
